a,b,c,d,e,f
14,21,31,38,40,42
7,13,19,20,36,38
1,19,20,24,37,40
10,14,16,19,27,33
5,16,23,31,32,37
2,3,4,9,21,28
4,5,23,28,30,32
6,12,26,29,35,41
1,20,25,35,36,39
1,4,9,13,20,29
2,11,24,28,33,34
1,8,23,30,31,37
3,15,26,31,35,39
3,14,16,20,28,37
7,9,18,22,25,28
1,25,35,36,37,41
3,15,19,20,24,35
4,15,16,27,34,39
1,12,19,22,28,41
3,9,29,30,32,33
3,5,6,12,13,21
2,12,18,23,24,25
17,19,20,21,24,25
2,16,19,24,28,30
9,14,19,24,28,33
2,18,28,33,40,42
9,10,16,31,40,42
1,15,23,33,41,42
6,7,12,25,33,41
1,3,16,30,34,41
8,11,21,23,33,39
4,11,13,21,32,33
1,6,7,19,29,42
9,25,27,34,36,37
5,7,20,23,32,38
2,11,36,38,40,42
7,11,18,32,36,37
5,10,11,16,24,31
6,24,26,34,35,40
1,16,22,27,32,41
2,33,35,37,38,42
4,8,14,27,29,34
1,2,13,21,33,40
3,11,16,20,30,36
1,11,15,22,28,40
5,12,26,31,38,41
2,9,20,21,26,27
14,17,19,21,27,37
17,21,25,28,39,42
8,14,15,16,31,37
14,17,33,35,37,42
6,10,11,20,29,37
5,8,13,16,23,42
8,17,23,31,35,38
5,6,16,36,37,40
2,6,14,25,28,35
11,18,20,24,28,40
17,18,19,32,33,39
2,23,27,30,37,40
5,7,20,22,23,37
11,21,30,31,36,42
3,7,11,13,26,36
4,8,10,17,24,30
2,10,23,33,38,41
8,10,23,27,35,38
4,16,26,27,29,37
3,9,11,27,31,39
7,16,18,27,33,38
2,13,16,23,32,33
20,23,27,29,34,41
3,4,17,19,34,38
8,9,14,20,24,31
5,6,25,35,37,42
3,17,21,25,27,36
12,13,24,29,34,40
6,7,18,26,28,33
6,11,13,22,31,42
1,7,8,11,15,16
9,16,18,22,23,31
9,16,28,29,31,39
7,14,18,19,24,32
5,6,13,30,39,41
5,10,26,27,29,37
13,16,20,23,31,40
2,7,9,25,27,29
8,17,24,31,37,42
15,19,27,31,34,35
5,17,21,29,33,35
10,16,20,22,35,39
3,9,12,28,34,42
1,5,9,36,40,42
14,18,24,27,33,36
2,3,6,14,22,32
4,5,13,23,27,31
1,2,4,7,21,35
8,11,21,25,26,36
8,10,25,26,33,35
4,5,7,30,31,39
9,10,14,29,32,36
1,11,12,19,22,37
6,17,21,24,31,41
2,9,17,22,37,42
18,27,31,36,37,42
5,12,21,24,37,39
7,17,25,31,35,36
9,11,16,33,39,40
5,6,17,19,24,36
10,19,23,24,27,34
1,8,9,14,18,24
3,5,11,19,27,32
7,11,23,24,30,42
13,18,21,22,31,36
2,7,9,16,23,26
7,8,21,23,37,41
11,21,25,29,34,42
8,9,16,33,37,40
4,7,12,16,37,40
1,16,18,20,21,36
6,11,31,32,33,35
2,6,8,26,35,42
16,18,19,21,27,32
5,11,26,28,37,41
3,8,19,22,29,40
10,22,23,24,25,36
2,8,19,24,27,42
7,8,22,24,27,31
11,15,17,24,35,39
1,33,34,38,39,40
2,10,22,26,27,40
8,11,15,16,24,26
1,9,12,20,25,30
2,9,16,24,28,29
7,20,25,27,33,38
11,15,21,24,31,38
8,11,14,26,29,37
20,21,26,33,35,42
3,11,12,26,32,41
5,20,23,33,34,39
1,3,11,21,24,26
4,12,16,27,34,40
11,12,23,26,32,35
6,8,23,25,32,41
5,8,16,21,23,34
8,11,18,24,39,42
10,18,19,30,35,37
6,23,24,27,28,37
1,7,15,18,20,28
4,6,16,19,27,30
13,14,16,17,18,25
13,15,19,25,37,38
2,12,13,14,17,39
4,11,19,26,31,39
4,5,21,23,30,38
1,8,25,36,39,42
14,15,21,31,37,40
12,17,23,28,31,37
10,11,12,17,22,33
14,19,21,34,37,38
4,6,17,26,32,40
9,12,23,24,33,38
1,7,16,18,39,40
3,11,12,17,25,33
5,6,18,20,23,35
3,18,19,30,36,38
2,6,7,8,15,35
3,7,8,9,29,31
4,6,19,21,28,36
8,13,14,33,38,41
3,6,14,24,28,34
7,11,17,21,23,28
1,8,10,37,38,41
2,9,13,16,24,29
6,12,23,28,30,36
1,7,14,21,29,39
3,8,11,32,35,38
4,9,20,23,25,38
1,3,4,13,23,33
4,16,29,34,37,38
1,4,13,27,33,39
2,3,10,26,32,35
8,11,17,23,29,34
10,15,26,35,36,39
2,7,11,21,30,39
3,12,17,18,25,30
3,11,20,24,32,33
1,3,7,25,27,35
9,15,24,25,26,40
5,6,15,32,36,37
1,17,26,30,32,36
2,8,26,31,35,40
9,10,19,23,31,40
4,10,15,18,36,42
1,5,7,24,27,33
6,7,17,22,24,28
4,5,13,28,34,36
7,11,19,30,37,42
8,13,20,21,24,40
9,14,15,22,31,35
10,21,34,37,38,39
10,19,24,28,29,40
4,5,9,16,17,24
6,10,17,28,35,40
1,8,9,11,19,35
1,3,10,14,29,33
4,6,13,15,18,39
2,5,13,23,36,41
12,21,25,28,30,36
5,14,19,22,31,40
22,25,28,31,41,42
3,6,8,18,21,25
12,15,20,21,23,27
1,12,18,23,30,33
3,15,21,26,27,36
14,19,23,25,32,40
6,12,22,34,39,40
17,21,23,27,28,42
1,16,18,23,29,42
4,11,18,36,40,41
11,21,25,34,39,42
1,4,8,11,26,35
14,15,17,31,35,42
16,18,19,29,35,42
4,6,21,26,30,42
15,21,23,26,36,38
5,13,14,15,18,35
1,17,19,20,23,24
5,15,27,34,35,41
3,9,13,21,24,38
3,4,9,10,19,34
22,26,30,31,36,39
1,7,17,21,24,29
12,20,24,25,40,42
7,10,14,16,17,32
6,7,8,21,23,36
1,9,22,24,30,38
9,15,29,30,36,39
12,22,24,28,29,34
4,11,14,21,26,34
14,17,34,39,40,41
3,5,19,32,40,42
10,24,30,36,40,41
4,10,17,18,22,28
4,15,18,21,25,29
4,5,6,7,31,32
8,17,21,29,32,35
6,8,26,29,34,39
1,28,30,34,35,42
6,10,12,23,38,41
5,12,24,33,40,41
14,19,22,23,29,40
7,9,19,21,28,33
3,7,22,25,27,38
1,10,11,17,23,40
4,13,26,29,37,40
10,11,24,37,38,39
2,14,19,21,28,29
4,10,12,30,37,40
17,19,21,23,32,33
13,18,27,29,31,38
1,10,18,19,20,22
3,10,14,16,20,21
4,15,20,26,27,33
3,4,5,29,38,39
9,13,21,23,27,31
4,8,15,21,24,27
3,12,14,15,37,38
16,19,24,26,28,38
17,26,35,36,38,42
10,18,22,25,29,32
7,12,18,28,37,40
10,16,18,37,38,41
1,2,11,12,27,35
3,18,22,23,31,38
5,10,12,23,30,33
1,9,15,20,26,40
4,6,10,17,27,39
9,12,13,17,24,28
7,8,11,28,30,39
3,8,12,18,25,41
4,5,6,20,36,41
5,14,28,30,35,39
1,12,24,27,30,41
1,6,13,17,20,22
5,14,19,22,23,26
4,6,7,33,37,38
5,7,9,10,20,38
3,7,14,18,34,38
11,15,22,26,30,36
18,19,26,28,36,41
5,6,10,19,21,38
2,12,16,27,35,39
2,3,8,9,23,36
4,11,21,23,33,38
8,19,34,35,36,40
11,12,16,25,34,39
2,6,7,23,26,40
8,10,15,19,33,38
9,13,15,29,33,34
3,5,11,16,25,29
3,5,11,13,34,35
5,13,25,26,38,40
1,4,19,28,37,39
2,16,17,18,20,34
6,8,12,15,23,41
3,11,13,19,27,37
3,9,12,17,29,33
2,12,19,20,24,36
4,8,19,21,33,34
8,12,24,31,37,42
4,6,11,14,25,41
5,12,21,23,26,28
4,6,17,18,26,35
10,19,23,28,29,32
2,6,9,10,20,30
10,14,18,30,34,38
15,19,21,31,39,42
3,5,13,16,18,26
11,25,29,32,36,39
8,12,20,21,32,40
5,7,22,28,32,34
9,11,14,24,27,28
7,13,26,36,37,41
9,11,17,20,27,33
2,7,8,23,28,30
13,15,17,20,21,35
9,22,31,37,38,40
4,10,13,20,21,41
7,12,16,19,37,40
9,18,21,22,23,36
3,8,11,15,16,26
16,17,19,28,31,41
13,15,18,20,30,40
12,17,23,28,29,36
4,11,16,27,35,41
5,6,10,21,39,40
13,19,21,25,35,39
4,9,19,25,26,37
6,12,21,32,40,42
7,9,14,29,34,40
18,23,27,31,38,41
2,3,11,21,22,38
13,31,36,37,39,41
5,8,25,34,38,40
7,10,20,28,35,41
7,10,14,20,26,33
12,17,19,20,22,24
5,8,14,19,28,32
3,14,15,17,38,41
5,10,19,24,37,39
4,6,24,30,37,41
5,8,13,15,18,30
6,11,12,16,23,32
6,9,14,26,34,35
3,4,19,21,30,32
4,8,18,30,31,34
15,23,24,26,34,38
3,5,11,20,29,35
3,6,7,15,26,32
3,5,10,14,26,39
1,4,8,21,29,34
15,16,17,28,33,38
5,9,22,23,25,39
5,8,20,23,27,41
2,3,14,32,36,41
4,9,12,20,21,30
3,9,14,16,30,41
5,11,16,22,28,34
13,16,17,23,24,26
1,2,18,22,23,35
10,12,18,30,39,42
3,14,31,33,37,42
9,11,17,18,34,38
8,9,11,33,37,40
3,12,27,30,32,36
6,10,11,16,19,22
13,25,27,29,34,39
4,9,12,13,20,40
3,15,20,34,37,42
12,15,27,31,40,42
1,18,19,29,35,38
4,16,17,23,28,38
5,19,20,23,26,42
2,15,17,33,34,39
1,3,15,33,36,38
3,9,10,14,15,40
12,18,22,25,31,34
16,21,23,26,31,32
11,19,23,28,38,40
5,8,11,27,29,38
2,21,30,35,39,41
4,6,10,32,33,34
12,14,17,18,28,41
12,15,25,26,29,30
8,29,32,34,41,42
11,26,27,30,31,33
17,18,25,27,31,33
6,17,18,30,37,39
6,17,25,32,38,41
11,18,27,30,33,38
8,23,25,32,35,36
10,15,18,20,21,25
4,13,15,17,27,41
4,15,27,29,31,35
6,19,25,30,33,38
2,4,15,28,29,30
1,4,12,15,21,31
10,11,18,35,40,41
2,5,6,28,30,42
2,3,19,27,30,37
4,9,12,13,28,30
8,9,16,21,37,40
17,21,27,29,30,33
13,14,17,24,25,33
9,10,11,12,20,31
2,3,5,10,23,35
4,17,27,31,32,34
1,12,18,22,28,41
4,8,17,20,28,39
1,10,13,20,34,37
5,13,26,28,30,36
6,15,16,38,40,42
2,3,11,24,30,36
17,24,31,32,38,40
5,14,18,21,39,40
21,28,31,32,33,39
1,12,19,25,35,39
2,6,11,23,29,33
9,14,23,24,27,35
1,2,11,13,34,41
2,8,13,18,20,29
16,17,22,27,31,42
2,6,7,29,30,33
9,13,22,23,28,37
6,8,15,18,22,36
3,4,9,12,20,25
1,17,19,22,36,39
2,7,12,15,37,42
1,3,12,19,24,28
11,15,18,31,34,41
4,9,12,19,31,39
5,7,9,17,22,35
2,9,19,24,34,40
18,20,24,28,32,36
4,9,16,25,28,38
6,14,17,23,32,33
3,24,29,33,38,41
3,11,16,26,34,38
7,10,18,21,24,42
11,20,22,23,24,36
2,7,10,18,31,40
13,18,19,21,29,37
5,7,15,17,18,42
2,9,13,19,24,35
2,11,14,18,25,41
6,14,18,24,25,39
1,11,14,24,32,40
9,15,29,33,35,40
26,30,31,34,36,42
12,23,26,29,40,42
2,8,13,23,32,33
11,21,22,36,38,41
7,8,10,13,30,40
6,10,12,15,24,32
2,4,17,18,25,40
1,8,9,27,33,41
4,7,13,16,25,33
1,3,11,12,17,35
10,30,32,40,41,42
4,7,8,18,27,40
3,11,12,21,24,32
17,25,27,33,38,42
4,8,12,16,24,25
1,15,19,22,25,33
4,16,19,33,36,40
6,17,20,30,33,40
6,8,15,18,35,41
1,10,13,15,16,29
14,19,31,35,36,42
2,4,5,11,12,37
1,7,16,29,38,41
2,17,19,23,24,27
8,11,18,19,21,23
3,8,23,26,32,37
3,5,9,18,21,34
2,18,27,34,38,40
2,10,12,15,18,35
3,9,19,24,30,33
1,11,15,18,23,40
13,16,18,28,30,38
2,4,5,6,32,39
11,25,34,35,36,37
4,6,8,12,32,33
3,13,17,26,29,40
7,14,16,24,30,42
6,14,33,35,38,39
13,21,26,29,41,42
11,22,26,28,30,42
19,20,27,30,40,42
4,10,14,18,20,35
1,19,23,25,39,41
13,14,15,22,32,42
6,13,16,18,22,38
3,6,20,22,35,38
4,9,17,28,33,38
5,8,17,21,40,42
7,16,29,33,36,41
8,9,10,24,27,35
2,8,15,17,30,38
2,4,6,15,27,35
5,18,24,31,40,41
5,6,28,34,35,39
17,19,29,30,32,42
2,5,9,13,26,42
3,8,13,14,15,41
4,17,20,27,36,40
11,13,18,22,30,42
2,5,29,30,37,38
21,25,28,34,36,40
10,14,18,22,25,38
6,14,28,29,36,39
3,17,27,33,38,42
12,32,35,38,40,41
1,12,21,33,38,41
6,13,14,16,29,37
16,17,22,25,27,42
4,15,16,26,35,37
4,5,10,31,33,34
13,21,27,31,36,38
2,11,14,19,25,32
2,17,22,27,32,40
11,25,27,30,31,37
6,8,10,11,19,41
19,21,25,26,31,41
10,25,28,31,34,41
7,8,11,23,26,40
2,7,16,17,18,24
5,8,18,20,29,31
5,9,17,28,36,41
8,9,24,30,31,38
21,25,26,30,33,34
15,17,22,35,36,41
3,11,13,21,25,42
2,12,29,30,35,39
14,15,23,24,34,40
14,21,22,24,37,41
1,2,8,32,41,42
4,7,10,11,16,19
1,11,16,18,26,37
10,14,16,17,18,35
7,8,11,20,21,28
3,25,30,34,35,42
7,12,16,27,38,42
6,12,15,37,38,41
13,16,17,25,33,42
3,11,20,24,37,41
3,9,23,26,33,34
7,20,31,34,36,41
4,14,17,22,35,41
1,8,9,15,16,33
7,13,15,21,26,35
6,8,11,18,19,29
10,13,18,26,27,42
10,25,26,32,37,42
18,23,24,25,27,37
15,22,29,30,38,42
5,7,11,14,17,20
1,8,11,12,29,30
7,13,14,16,17,18
4,7,9,14,25,30
10,12,14,18,19,40
2,3,17,22,30,40
11,23,25,34,38,39
7,14,35,38,39,42
1,4,6,15,20,24
6,10,15,16,26,34
2,3,10,11,33,34
3,5,7,13,25,31
21,25,26,27,31,32
1,3,16,21,25,32
2,15,16,25,26,32
6,18,23,24,30,42
10,11,22,24,36,42
9,17,18,30,33,36
15,18,19,26,33,35
5,18,29,33,34,40
3,4,7,11,17,20
18,23,27,29,30,39
6,13,27,35,38,40
8,11,19,31,32,35
2,15,24,25,29,31
1,5,15,28,29,36
3,5,11,18,32,34
9,11,18,32,33,35
6,11,13,21,23,24
2,3,8,17,19,23
7,11,22,31,37,42
2,7,20,22,24,35
3,7,10,18,23,39
1,5,9,18,20,39
9,10,14,19,29,35
4,11,13,14,26,38
6,13,26,33,35,40
15,17,22,37,38,42
1,6,15,16,28,32
7,21,28,29,31,33
1,8,10,15,21,34
4,9,26,28,35,39
13,14,15,23,34,39
3,27,31,33,40,41
2,3,10,14,17,23
7,22,29,33,37,41
14,16,17,30,34,35
8,13,21,24,27,32
7,12,18,23,31,38
6,8,15,21,25,26
7,22,24,29,35,39
1,8,9,32,35,42
7,23,24,26,38,42
10,11,12,18,22,38
5,11,17,24,25,41
1,3,12,16,17,42
2,8,20,21,30,40
15,16,19,22,28,36
7,11,12,16,24,39
13,16,19,35,40,42
1,7,14,17,23,42
7,11,20,32,35,42
21,22,24,31,37,38
5,10,12,20,30,33
1,4,12,13,17,38
9,13,28,29,35,37
2,30,32,33,35,41
7,15,22,27,39,40
19,20,25,35,38,42
2,9,14,20,35,42
11,19,21,28,41,42
3,4,9,12,18,39
4,14,20,21,26,41
7,12,17,18,31,34
9,18,20,22,26,42
1,5,11,25,26,39
4,11,17,19,35,42
4,11,18,21,25,28
2,12,24,25,36,40
3,9,22,32,38,42
4,9,10,19,26,35
9,24,31,32,36,40
9,33,34,35,36,42
3,6,7,15,18,29
5,17,26,29,32,35
2,11,20,21,32,33
11,13,19,21,30,39
1,9,19,23,33,34
3,23,24,33,35,42
13,18,21,26,27,28
2,12,14,24,25,33
8,9,17,22,35,40
11,17,23,28,37,42
10,15,22,25,40,42
4,16,17,18,30,37
4,12,19,22,30,33
6,14,17,22,23,41
23,24,27,28,29,34
15,17,25,28,30,32
10,11,20,24,27,32
5,12,15,19,30,38
3,13,20,28,36,38
5,17,22,29,40,42
11,12,17,30,39,40
4,15,19,29,37,40
15,21,26,29,36,38
7,18,22,24,26,30
1,7,11,18,25,26
11,20,23,25,29,31
5,19,23,26,28,31
12,21,29,36,39,42
4,19,21,22,30,32
1,3,7,11,39,40
6,7,17,24,29,41
6,9,33,34,37,38
2,7,13,16,26,37
11,12,13,15,39,41
5,10,11,15,24,27
3,7,10,34,38,42
3,4,19,29,30,32
17,20,29,34,36,38
1,9,22,35,38,39
7,21,25,28,35,40
14,15,16,23,37,39
1,8,22,28,29,32
4,17,20,28,34,42
3,10,16,20,21,30
2,4,16,18,39,41
5,9,20,34,36,40
3,11,13,27,31,41
11,13,35,36,37,42
1,11,18,20,36,39
5,12,18,21,25,33
4,22,29,33,38,40
2,4,15,25,29,36
8,12,21,23,24,33
4,11,14,19,32,34
13,18,20,21,24,34
10,16,19,23,35,42
3,6,14,30,32,34
10,12,13,26,28,36
1,14,16,19,25,33
4,7,9,12,33,41
2,13,16,24,32,42
2,3,4,11,32,34
16,17,21,32,39,41
6,7,11,12,14,33
2,10,11,25,34,41
4,23,25,29,32,36
12,24,33,34,35,42
4,5,17,35,36,42
2,3,8,17,21,41
6,18,20,24,34,39
10,11,16,21,25,34
4,10,22,26,33,35
1,11,17,20,22,24
3,5,8,11,18,25
1,3,7,8,15,22
6,9,12,29,30,34
2,5,11,17,31,35
2,10,11,12,31,34
4,9,24,35,40,41
8,16,22,29,31,42
6,11,18,19,24,35
3,13,16,21,36,39
11,12,16,19,24,40
5,18,21,22,24,42
3,9,13,20,32,42
5,17,32,33,36,42
6,10,24,32,36,40
1,5,10,36,39,40
1,17,26,29,34,40
19,28,33,38,40,42
5,7,12,18,28,35
12,15,27,36,37,42
10,12,20,33,36,42
1,3,9,35,37,41
1,4,8,13,21,40
5,7,18,21,23,42
4,7,13,27,28,35
3,7,12,28,34,36
2,4,5,10,17,40
6,15,20,32,37,41
6,15,17,20,21,37
7,8,11,15,27,30
1,6,12,14,22,35
4,6,17,33,39,41
8,21,31,32,36,39
8,11,29,35,37,42
5,15,17,34,39,42
12,17,24,25,39,42
6,10,15,18,19,35
8,23,26,27,28,42
9,15,28,31,37,41
5,12,20,22,39,41
3,20,22,23,25,32
4,14,27,33,37,42
8,11,23,24,31,42
7,18,26,31,33,36
1,5,18,24,28,36
1,3,11,18,23,34
1,11,25,38,39,41
1,10,17,18,27,28
6,12,16,32,35,38
6,7,17,18,38,40
7,18,20,24,26,29
10,13,15,16,25,42
3,14,31,32,36,39
3,7,12,24,26,38
1,9,19,21,28,40
2,12,16,17,33,37
5,17,23,35,38,40
1,7,11,12,23,40
1,14,19,27,30,38
2,35,36,38,41,42
2,11,13,15,16,22
3,11,14,16,25,29
2,19,21,22,27,39
11,19,24,25,35,37
7,8,16,17,30,31
4,7,19,23,28,42
3,6,14,15,17,30
6,13,22,30,32,42
9,21,22,31,32,35
2,7,20,21,30,37
3,4,5,7,30,39
6,14,23,27,31,40
12,13,18,25,31,38
10,12,16,18,39,42
5,22,25,33,38,39
1,5,8,29,37,42
2,8,20,27,39,42
6,10,23,26,29,37
4,5,12,25,32,39
8,20,28,31,34,38
4,6,15,25,37,40
12,15,23,26,27,32
2,4,13,25,31,38
1,8,22,31,39,40
2,5,26,33,37,39
3,4,6,19,33,36
7,9,25,29,35,39
5,6,27,30,34,40
1,5,10,15,38,39
1,19,21,26,33,40
9,16,19,37,40,41
1,6,10,11,15,37
4,11,21,24,33,36
10,13,21,38,40,41
1,12,21,32,37,42
3,24,27,35,36,37
1,5,22,25,39,42
5,11,23,29,36,37
2,7,22,31,34,38
8,19,21,22,27,36
7,10,26,28,34,39
3,8,10,11,15,39
8,13,22,32,35,37
2,10,15,16,33,34
1,6,17,24,31,35
13,17,29,32,34,41
14,20,21,22,27,33
8,16,17,19,22,41
4,6,12,31,36,41
9,13,17,24,30,35
1,15,27,29,30,34
8,11,12,14,20,24
2,3,4,18,25,39
5,9,11,19,31,32
17,18,19,32,38,41
6,7,23,36,40,42
1,2,7,19,22,40
5,17,23,27,31,40
7,8,14,18,28,36
12,14,16,31,34,37
16,21,29,30,34,39
6,9,16,26,34,41
19,20,22,26,28,38
6,16,17,23,38,41
14,15,25,37,41,42
6,18,24,34,38,39
9,12,14,15,27,39
3,4,8,10,30,36
3,7,18,20,25,26
5,6,14,24,28,29
3,4,11,14,16,33
16,21,24,27,37,39
4,13,18,25,30,39
7,10,17,20,37,41
1,7,15,17,25,33
6,16,17,21,26,30
4,17,19,24,36,39
1,4,6,21,26,42
2,13,29,32,34,39
9,16,30,33,36,37
1,3,18,22,23,28
1,5,8,13,25,31
7,15,26,36,39,42
2,5,12,19,27,36
5,10,15,25,31,32
3,8,9,12,22,24
1,12,13,15,19,37
2,5,8,11,20,35
7,8,10,12,24,35
12,20,29,30,33,42
8,9,11,25,29,37
2,12,16,17,37,41
3,11,16,25,29,37
3,20,24,31,32,40
8,18,24,28,31,41
2,3,14,22,25,41
6,9,16,20,29,39
13,14,15,23,32,41
4,16,17,24,39,40
10,12,25,30,32,42
7,18,24,26,27,29
5,7,8,19,26,39
4,6,7,11,28,29
5,12,14,19,22,30
2,6,25,28,29,32
4,5,10,15,21,34
4,18,24,27,28,41
3,21,24,30,33,35
4,6,14,24,32,33
6,8,15,19,26,31
18,19,27,31,36,40
7,8,19,27,31,35
2,5,8,30,37,38
12,13,23,24,30,33
3,9,20,28,33,42
1,6,8,11,26,38
1,14,18,23,37,42
8,9,12,23,36,38
17,20,22,26,34,39
5,11,23,25,31,39
8,18,33,36,37,38
6,16,21,24,30,39
2,11,18,20,25,26
4,14,22,31,36,37
6,12,15,22,34,42
11,17,20,34,41,42
18,24,27,29,33,35
6,8,17,21,30,31
6,11,18,29,37,38
6,9,16,28,29,36
3,5,10,18,23,37
3,4,16,24,29,42
2,8,24,26,29,37
9,11,14,22,26,31
1,14,23,25,33,41
8,20,21,26,36,38
3,4,22,26,30,37
3,4,9,10,22,35
4,23,27,34,36,39
8,11,14,21,37,41
2,14,15,16,26,41
5,9,15,18,27,30
11,13,14,28,30,35
2,13,14,19,20,41
10,11,18,28,29,37
1,7,13,27,28,37
6,20,22,23,31,37
12,16,28,30,34,38
2,5,6,10,25,41
6,8,14,21,28,35
1,17,25,35,36,40
4,18,21,23,27,32
13,14,17,24,25,40
3,7,9,15,20,41
3,9,15,17,20,25
4,7,21,22,37,42
13,19,24,26,31,33
7,13,19,20,35,39
3,8,17,30,35,41
3,7,17,24,35,38
11,18,21,32,36,42
4,6,8,13,14,15
6,16,23,32,33,42
2,5,6,15,17,30
3,12,18,20,29,37
2,5,7,14,27,31
1,7,17,26,27,37
6,19,21,28,33,34
6,14,16,21,30,36
2,7,12,27,37,40
2,14,18,19,24,41
24,26,37,38,39,41
1,14,27,32,37,38
2,5,20,23,38,42
4,7,17,22,38,40
10,15,18,25,26,40
2,5,15,17,31,33
4,19,20,23,26,40
17,25,27,33,40,41
7,13,23,31,35,39
4,15,18,21,28,35
1,17,19,21,35,36
4,6,23,26,29,42
2,17,22,25,34,35
5,7,15,18,24,30
5,12,13,15,28,35
4,7,11,14,27,32
2,6,22,27,31,33
3,13,22,26,27,30
9,13,14,19,33,36
5,9,14,19,25,27
1,3,4,25,26,37
7,10,15,38,39,40
8,13,19,30,35,40
2,8,23,27,36,42
4,11,18,20,22,36
19,20,24,25,26,30
2,10,11,12,32,35
3,26,30,33,35,38
22,23,29,31,34,37
3,4,6,20,34,36
4,5,9,31,39,42
6,12,21,26,31,38
15,19,23,27,35,36
13,16,18,27,33,35
3,4,14,21,37,39
10,13,26,33,38,40
19,21,22,24,34,37
5,6,8,32,38,42
13,16,21,26,30,38
5,14,28,32,38,40
6,17,18,20,26,28
5,11,14,19,22,30
1,17,23,30,36,40
5,6,7,11,17,36
7,12,14,21,23,32
5,11,19,21,30,37
1,4,25,35,38,41
5,10,15,28,32,41
6,8,9,16,20,27
3,12,13,27,31,37
4,10,24,27,30,38
9,17,19,26,38,40
1,4,13,24,27,34
1,13,15,27,32,33
2,6,17,32,33,35
9,15,31,34,35,37
6,12,13,14,33,41
1,2,11,18,23,41
11,15,17,19,22,41
18,22,27,36,39,40
4,8,14,15,18,20
11,16,20,26,39,40
3,11,13,32,33,41
5,15,16,17,26,32
1,2,6,7,9,38
4,7,12,23,25,37
2,13,22,25,26,34
23,25,27,31,33,40
3,7,9,15,29,31
11,13,14,29,32,40
1,7,9,13,18,39
1,8,9,23,29,35
3,9,11,24,34,38
6,13,23,29,34,42
14,21,26,37,39,41
3,4,20,22,36,42
16,22,26,27,31,32
3,5,18,23,37,38
1,13,14,21,29,35
5,16,18,19,21,29
13,17,18,34,37,42
1,2,15,21,37,40
1,6,14,16,33,40
6,12,20,21,33,36
1,3,7,11,31,41
4,12,14,25,34,35
10,12,15,27,33,40
7,9,16,19,31,36
2,3,13,27,34,38
5,14,16,23,28,34
5,11,19,29,32,39
2,8,10,14,20,24
2,5,11,17,34,39
2,22,26,34,37,39
6,23,25,30,31,38
14,25,27,29,33,41
7,18,22,24,30,35
22,23,28,29,30,39
6,19,23,24,38,39
3,7,23,33,34,39
5,10,11,15,17,32
3,7,12,15,32,39
3,11,12,25,36,42
2,11,15,17,20,37
1,3,11,32,37,38
7,13,22,32,38,40
9,25,30,33,34,41
2,4,12,13,14,36
1,7,16,28,33,39
3,15,34,35,36,42
10,11,17,24,33,40
5,26,29,31,38,39
2,14,17,18,20,38
8,18,26,30,31,37
14,18,21,22,29,30
7,8,9,15,32,33
22,23,24,33,34,38
4,21,22,26,28,34
3,7,21,27,28,39
4,13,21,34,35,38
1,3,9,25,30,34
3,14,21,23,32,34
11,13,23,28,30,40
3,6,12,15,22,24
4,11,20,25,27,33
1,3,5,13,23,37
3,13,17,19,29,31
2,3,21,28,34,41
1,23,29,34,40,42
12,22,25,37,38,40
7,25,27,33,36,39
8,11,12,13,19,24
8,13,16,34,35,38
23,30,35,38,41,42
3,7,11,22,24,37
15,21,22,31,32,35
13,17,18,27,30,34
6,18,20,30,32,34
8,12,16,25,26,38
21,23,27,36,41,42
4,14,20,24,37,38
3,18,21,29,35,36
14,17,23,27,30,35
2,3,6,11,12,19
8,17,29,35,38,40
4,7,15,16,37,38
8,22,25,31,33,34
1,3,14,15,28,30
12,24,30,35,37,42
1,8,13,14,27,28
4,7,9,19,37,39
7,17,24,30,32,33
4,8,14,21,30,41
3,10,11,17,19,23
5,7,10,22,34,40
1,3,4,10,20,26
3,22,23,24,36,41
5,8,17,25,27,40
13,14,23,29,33,40
10,12,17,28,29,30
7,19,22,25,27,38
4,15,16,18,22,25
6,17,24,28,32,39
9,16,17,31,32,41
9,22,26,29,36,40
2,3,7,9,14,21
15,18,20,22,27,40
15,31,34,35,36,42
4,7,10,17,25,41
6,9,19,23,24,29
6,22,29,32,33,34
5,12,22,25,32,39
7,12,25,30,38,39
17,21,34,35,38,40
1,2,24,25,30,33
1,7,10,24,34,35
7,9,18,20,31,41
1,25,30,34,36,42
3,9,19,34,36,37
6,7,15,25,34,37
4,26,27,31,34,37
4,14,19,20,27,33
4,8,20,25,28,40
4,14,16,22,24,33
8,9,11,27,36,37
8,15,16,23,39,40
8,9,17,26,33,36
8,15,17,29,33,34
3,25,33,34,38,40
19,25,30,32,33,36
1,25,30,32,36,40
10,11,12,21,32,36
6,17,21,22,26,42
5,15,20,28,36,39
9,22,24,27,31,36
3,7,9,19,35,36
4,10,19,24,34,35
12,18,19,23,30,42
11,20,23,34,35,42
1,7,11,15,20,35
4,14,20,22,23,24
2,7,12,15,21,36
3,14,20,27,35,41
5,8,15,16,20,30
7,8,10,16,35,41
1,7,22,27,31,42
2,8,21,29,31,41
3,4,6,13,18,36
1,12,21,26,30,40
3,12,24,34,35,42
7,18,20,34,41,42
6,14,24,26,35,40
12,20,23,25,26,35
2,7,24,28,29,40
16,22,24,28,33,40
4,5,11,17,23,29
11,16,28,29,32,38
1,11,15,28,31,34
6,7,24,25,27,37
6,17,23,25,34,39
3,8,16,18,23,28
5,8,12,31,33,36
2,3,4,14,28,34
18,25,28,31,39,41
8,16,19,23,30,41
6,7,10,12,31,34
1,3,15,24,30,32
1,2,12,17,36,42
5,10,23,24,27,38
2,9,17,18,24,39
8,15,16,17,19,39
5,7,18,19,21,38
3,4,12,35,36,41
12,27,36,37,39,41
5,7,9,11,19,25
2,12,16,18,32,33
6,9,12,16,19,33
2,8,14,25,29,30
3,6,9,11,31,41
8,27,30,31,34,39
8,21,25,31,36,40
4,9,13,18,28,38
16,19,28,35,40,42
1,2,4,10,16,42
3,5,11,20,26,36
5,15,21,23,25,26
8,16,26,28,33,37
13,15,19,23,32,34
6,7,22,27,28,38
2,13,23,26,29,36
20,21,27,32,35,40
13,16,19,23,27,40
5,14,20,23,32,33
7,8,26,27,30,34
3,5,13,27,37,40
3,15,16,21,31,35
9,14,20,31,35,38
3,12,17,18,23,41
4,9,11,25,28,34
5,20,24,29,30,42
7,8,18,29,36,37
8,18,23,24,33,42
4,9,10,15,16,19
15,31,32,35,39,40
2,6,9,14,23,24
8,13,14,23,33,40
3,8,12,14,22,30
9,14,21,23,28,41
8,14,19,21,30,37
2,3,9,22,26,39
5,9,10,11,19,24
24,28,29,32,35,36
2,9,13,25,38,41
2,6,7,33,35,40
17,20,28,35,37,39
4,7,19,25,26,41
1,3,15,20,31,37
2,10,25,36,40,41
17,23,26,30,35,38
2,13,20,24,31,36
6,8,9,16,18,37
9,14,19,23,27,34
1,10,11,12,33,41
5,13,20,32,38,42
4,10,25,29,35,41
3,30,34,35,39,41
6,7,16,18,36,40
6,13,18,33,36,41
10,20,24,28,37,41
4,16,33,36,38,39
10,12,18,25,38,42
5,13,26,29,30,40
10,13,27,28,29,35
3,17,19,25,29,38
5,12,23,34,37,42
6,8,24,28,36,38
13,26,29,31,36,40
2,13,20,24,37,39
1,21,22,23,24,40
2,9,13,14,24,37
8,15,22,23,25,37
5,14,17,26,41,42
16,33,36,37,40,41
3,7,16,21,25,35
2,5,6,7,8,15
4,9,19,26,34,35
4,7,30,33,36,38
1,5,7,18,21,29
11,13,16,19,31,37
2,16,36,37,38,40
17,19,31,36,41,42
4,8,12,15,19,24
2,5,8,16,17,25
5,22,25,26,30,34
5,7,12,23,28,37
6,7,27,28,34,37
8,18,27,28,31,39
5,16,17,35,36,37
4,5,9,14,15,36
3,9,25,26,32,40
6,8,15,25,30,40
15,17,23,32,39,41
14,15,30,36,41,42
3,11,18,31,37,41
5,8,12,17,25,35
7,13,26,32,37,40
1,12,14,17,34,35
6,20,27,28,34,39
10,13,27,33,39,40
6,10,18,28,33,37
14,22,27,31,35,39
9,10,16,20,24,34
6,13,18,20,26,32
22,26,34,38,40,41
3,6,9,16,20,21
9,11,23,25,29,35
1,3,5,14,26,31
11,18,22,23,25,29
1,6,7,13,37,42
9,17,20,23,30,33
1,12,22,29,32,36
4,6,7,15,18,42
5,16,20,21,23,35
2,3,18,30,34,38
10,23,26,30,34,38
1,2,7,33,37,38
5,13,18,23,25,39
5,14,23,28,30,36
1,6,7,10,25,34
7,15,32,34,37,38
14,16,25,26,31,36
1,4,11,15,22,40
9,10,14,20,28,33
8,9,31,32,35,42
4,10,14,25,40,42
2,6,23,25,29,38
7,10,17,25,31,42
2,9,11,14,15,36
6,7,18,22,23,41
5,18,27,28,29,39
11,15,17,20,24,25
1,5,10,12,14,29
19,20,21,28,38,42
2,3,28,29,38,39
9,12,21,23,33,34
3,10,17,31,36,42
24,27,36,37,39,42
9,12,19,33,38,41
1,6,10,26,27,41
2,9,11,20,41,42
3,6,15,22,25,28
2,10,12,28,34,38
2,4,7,23,37,40
7,9,21,23,24,42
5,11,12,24,32,40
4,9,19,33,37,41
11,14,26,29,32,39
3,6,11,17,27,30
10,18,25,29,33,39
1,12,19,21,35,39
10,13,16,18,20,42
19,21,22,26,35,41
1,13,14,20,25,35
11,20,29,31,33,39
6,10,19,22,36,39
11,14,20,30,39,42
1,2,7,10,17,22
1,3,6,23,28,37
8,14,17,21,34,41
12,17,20,28,31,38
8,21,23,31,33,36
11,17,20,21,30,37
9,18,23,32,37,38
1,18,20,25,26,31
4,8,15,18,20,25
5,8,9,14,41,42
5,10,25,27,36,38
3,7,14,15,19,39
3,7,13,15,24,27
2,5,11,12,35,39
6,13,14,25,36,39
4,25,32,39,40,41
4,6,10,18,38,39
1,2,5,24,27,42
7,9,10,20,22,38
18,23,25,26,41,42
2,17,27,38,39,42
4,19,20,29,39,40
7,21,23,34,40,41
1,2,6,9,28,33
3,24,25,34,36,39
1,2,3,27,37,41
5,9,13,14,38,41
3,13,20,30,40,41
6,17,26,33,40,42
3,17,22,23,32,35
5,9,17,30,35,38
2,17,22,26,27,35
1,7,12,20,27,29
1,18,21,23,24,27
15,23,25,27,34,42
3,13,23,27,29,41
13,17,19,23,28,29
9,15,23,28,29,31
1,24,27,36,37,39
2,4,15,24,36,39
7,19,20,23,29,32
8,21,22,32,39,42
6,15,20,24,29,30
2,7,14,21,26,29
5,18,23,27,33,40
3,5,12,18,21,27
3,9,14,28,29,41
2,6,9,11,27,40
7,19,28,29,30,41
12,19,20,22,24,35
1,8,19,22,34,35
11,18,19,20,27,36
1,3,15,21,22,39
5,10,21,28,40,41
8,13,14,20,26,34
16,17,19,22,27,35
3,17,25,29,30,38
15,22,23,26,35,42
4,12,20,33,34,39
4,5,17,25,36,39
1,9,19,23,27,36
18,22,32,34,35,38
8,9,10,11,34,41
3,12,23,27,37,42
2,10,13,34,35,40
2,7,11,12,28,32
4,7,14,18,32,33
7,28,31,33,39,41
1,9,15,16,25,36
1,7,10,12,15,16
10,14,16,29,36,41
22,25,28,29,35,41
14,16,34,36,37,42
2,15,26,31,34,37
15,17,25,38,40,42
3,23,26,30,33,38
5,12,13,20,28,41
10,18,20,24,28,32
10,12,18,19,33,39
9,20,21,31,36,38
6,9,12,19,26,42
3,13,16,27,28,39
9,18,26,29,37,41
11,24,31,40,41,42
2,4,7,22,29,35
6,8,11,19,21,36
15,17,24,26,27,39
3,5,12,17,35,42
3,13,21,25,34,37
11,14,15,18,22,28
23,25,27,29,31,39
1,6,17,22,25,39
1,14,20,22,28,31
7,9,11,12,21,24
15,22,28,37,40,42
2,14,34,35,36,38
4,8,11,22,28,34
9,10,23,33,37,38
11,14,20,23,33,35
17,21,25,26,32,40
19,22,25,29,35,40
2,4,12,13,25,30
4,22,23,28,31,37
3,5,24,26,33,42
8,17,30,34,36,38
2,17,21,22,35,41
2,9,26,28,33,38
7,24,25,29,38,42
4,6,21,32,33,36
15,19,21,22,29,39
1,3,13,31,34,38
1,2,4,15,26,41
13,22,26,29,35,39
2,9,15,25,32,35
5,8,18,24,25,32
6,16,18,31,34,39
4,10,20,28,32,39
4,8,22,30,33,42
16,26,28,29,32,34
5,11,17,20,27,35
5,21,25,28,32,34
9,10,15,23,34,40
10,23,29,30,32,38
3,6,9,13,14,38
9,13,16,17,29,41
1,12,19,34,35,40
4,14,24,25,35,41
12,17,25,27,32,37
2,12,13,17,28,29
11,14,26,33,41,42
3,7,24,25,30,39
1,4,11,17,19,36
7,8,11,24,37,40
2,6,8,12,14,34
14,16,21,25,33,42
8,21,23,26,30,37
2,5,10,17,30,38
2,3,11,18,30,34
4,7,18,22,34,37
10,15,25,28,29,34
7,20,25,27,31,37
3,13,15,25,37,39
7,10,15,17,22,25
2,6,10,12,23,24
2,6,17,21,36,41
2,4,11,19,26,36
9,11,24,25,30,33
18,22,24,27,31,34
3,6,14,20,29,40
21,23,26,27,32,38
8,9,10,35,37,39
3,7,19,33,36,40
2,4,6,10,35,42
14,15,17,18,31,36
1,4,14,16,26,37
3,6,12,25,29,32
2,6,8,9,17,25
1,16,22,27,32,33
2,3,10,13,17,26
10,11,20,22,26,38
13,20,27,30,37,41
16,21,27,35,38,40
9,11,30,31,38,42
1,2,11,12,21,25
4,15,27,32,35,38
13,18,19,21,26,27
10,12,15,16,29,40
10,11,23,33,34,37
2,12,15,27,37,38
5,10,11,13,21,37
13,16,17,18,20,34
8,13,21,34,40,42
8,11,17,23,36,42
9,10,11,15,18,27
3,7,9,12,27,32
4,10,11,23,31,35
2,4,8,9,36,42
21,24,25,27,31,39
9,17,22,31,34,37
4,11,15,22,33,42
2,12,16,17,22,42
23,29,31,32,37,38
13,27,29,36,39,41
6,9,12,15,23,29
10,14,20,29,39,42
10,19,21,30,31,32
1,5,12,33,37,40
7,8,22,37,40,41
1,3,4,31,34,37
9,10,17,18,25,31
13,14,15,19,37,40
5,10,13,31,34,40
6,11,27,33,37,38
7,14,16,19,41,42
5,9,12,15,21,35
1,7,17,23,25,34
12,13,14,22,25,28
6,7,30,33,38,42
4,19,23,25,32,42
8,10,18,24,33,41
5,7,8,25,37,39
12,14,22,23,28,37
1,15,17,18,24,40
7,10,22,26,27,28
1,5,15,17,27,39
2,6,9,12,25,33
2,8,15,27,28,41
6,14,15,24,26,41
4,7,17,18,31,33
8,10,16,29,30,34
4,22,23,26,34,39
2,15,16,23,25,32
2,10,15,23,24,34
13,15,18,19,23,36
6,11,21,32,33,42
13,17,20,25,29,37
3,11,13,18,31,37
5,15,22,24,27,37
2,7,19,20,36,38
4,5,7,26,30,33
26,30,33,35,36,41
2,12,14,18,28,30
6,11,13,17,31,32
2,7,16,24,36,39
10,17,29,31,32,36
1,2,9,21,25,39
10,13,20,25,30,35
1,4,11,14,27,28
5,9,18,19,31,34
17,22,24,29,40,42
3,11,20,24,31,41
3,11,21,23,28,34
1,5,24,30,35,42
4,5,10,11,21,33
2,6,15,17,21,33
1,4,6,8,25,40
4,12,17,22,24,38
6,9,19,28,29,31
16,21,29,30,32,36
7,13,23,33,40,42
3,24,28,30,33,36
1,13,14,19,24,41
2,11,14,29,30,40
9,17,21,22,25,34
1,13,14,15,33,42
3,13,23,24,26,40
8,17,27,29,41,42
1,5,28,30,32,36
3,10,20,26,35,41
1,17,20,27,28,41
8,9,23,36,41,42
2,19,22,25,26,29
2,6,20,26,27,35
2,8,21,29,31,38
10,16,21,30,34,41
6,8,17,29,36,37
2,7,8,20,21,35
12,13,18,20,26,27
7,11,30,31,33,40
4,10,15,19,21,37
1,3,16,29,36,42
1,12,21,22,26,28
4,9,15,23,25,29
12,17,18,29,34,37
7,12,15,18,29,37
3,6,8,16,17,39
15,16,20,22,27,35
3,11,15,33,34,40
3,19,27,33,36,39
7,13,23,26,27,28
3,6,10,11,20,42
9,19,23,25,28,29
10,12,21,33,36,38
3,4,5,8,17,23
2,15,25,29,35,41
7,14,19,26,29,40
2,7,17,25,32,36
1,8,15,29,30,42
11,18,20,30,37,42
10,21,23,24,41,42
5,13,24,27,36,38
2,6,7,11,12,18
3,6,12,27,31,37
7,16,23,26,33,40
1,4,8,26,36,41
6,11,27,37,38,42
4,9,16,20,21,34
1,7,17,25,36,39
2,21,22,32,39,41
7,11,12,16,39,41
7,13,25,26,30,32
1,6,14,19,21,30
4,7,28,30,39,41
5,7,19,27,28,33
7,9,13,14,23,27
8,15,23,28,38,39
13,23,28,30,34,38
2,7,9,17,30,37
2,9,24,25,28,33
9,11,13,18,31,40
4,6,7,10,19,25
21,26,27,33,34,35
9,10,22,27,38,41
13,14,21,36,41,42
4,17,18,23,29,40
4,13,18,20,23,26
11,16,19,23,32,41
3,11,18,24,26,39
1,12,14,17,26,42
3,10,30,36,37,38
1,9,11,16,28,41
3,10,37,38,41,42
24,25,28,31,38,40
2,5,16,21,30,32
1,3,4,6,9,28
2,13,30,35,38,42
2,7,24,28,33,35
5,11,15,27,35,39
5,21,24,25,32,33
2,8,20,24,26,40
11,17,19,28,34,39
4,12,16,26,41,42
4,10,21,39,40,42
9,18,20,23,26,40
10,14,19,21,33,36
3,11,17,22,25,35
2,7,16,25,28,31
5,13,14,25,26,28
7,10,15,28,31,39
3,14,16,20,34,40
2,5,10,22,23,40
9,12,28,29,39,42
10,12,23,24,26,41
2,13,15,16,24,28
8,9,10,17,30,33
9,23,26,31,35,36
6,23,26,28,32,36
4,12,14,16,29,42
4,19,22,27,30,40
3,32,34,36,37,41
7,22,24,30,31,32
6,13,29,30,34,41
12,14,23,26,28,37
4,19,24,26,35,38
1,9,13,15,22,34
5,15,33,35,38,39
1,14,21,37,38,39
1,9,12,13,20,29
4,10,11,20,34,42
1,3,7,16,29,31
13,18,21,22,29,36
13,18,25,32,40,41
8,18,25,27,35,39
13,14,16,18,23,29
3,16,28,31,34,35
8,11,16,25,30,34
4,7,19,28,31,38
7,21,26,28,30,32
1,13,15,17,23,27
11,25,27,28,29,35
6,17,23,26,32,33
1,5,13,15,23,39
1,18,25,28,33,34
8,9,10,13,38,42
10,17,28,29,36,41
7,13,14,16,19,30
12,16,21,23,28,41
3,5,14,28,39,41
3,6,8,12,32,41
11,19,24,29,38,40
1,2,3,18,24,27
7,11,16,36,38,42
16,17,18,23,32,36
18,21,28,35,36,38
1,2,3,9,30,39
12,14,15,18,35,38
2,9,14,21,23,39
14,31,32,35,38,42
4,18,22,25,28,36
2,9,12,24,29,38
1,7,14,18,26,36
1,4,6,15,29,36
8,9,18,20,29,39
1,12,13,21,24,36
4,17,22,24,27,36
14,15,18,20,21,24
8,30,31,34,35,38
11,13,21,26,27,32
23,26,27,29,33,39
2,18,25,27,28,38
1,4,25,26,28,36
1,7,25,26,38,40
5,6,11,20,22,39
4,15,18,24,29,33
1,5,15,16,22,40
12,15,27,31,36,40
8,21,23,25,29,32
1,9,10,27,35,40
2,3,5,24,36,42
5,12,17,19,21,33
15,17,22,33,38,39
9,23,29,31,32,34
7,9,13,26,33,35
10,14,25,26,39,41
1,9,12,22,27,34
7,12,13,17,20,23
3,7,11,13,34,35
3,21,25,33,39,42
13,16,26,28,31,41
1,12,16,23,35,41
2,9,22,25,26,39
1,2,6,7,38,41
11,13,21,32,35,42
4,6,12,13,39,40
8,19,20,29,30,35
4,7,8,15,18,31
2,4,8,18,24,25
10,15,25,27,33,41
19,22,28,30,31,32
4,8,14,28,33,42
8,11,28,34,40,41
11,12,14,18,24,39
2,25,29,35,37,41
3,13,18,19,29,37
17,20,34,38,40,41
3,15,25,26,29,33
1,2,27,33,34,42
2,11,15,17,23,25
1,13,14,27,31,33
10,20,26,34,37,42
19,22,27,35,37,42
2,11,15,20,25,29
1,9,14,26,35,37
4,6,10,13,15,42
6,9,17,23,33,36
8,13,21,23,25,32
2,8,9,10,28,36
2,6,14,15,16,41
3,7,28,32,36,38
4,12,18,20,25,37
9,12,21,34,39,41
17,31,32,33,36,42
8,20,21,30,32,35
1,6,13,21,32,36
14,18,19,21,29,30
15,18,34,36,38,40
2,7,13,18,20,24
3,15,19,26,29,33
13,24,30,37,41,42
8,10,17,21,26,30
18,23,28,29,30,41
9,17,26,30,38,39
5,20,24,27,31,36
4,15,25,27,34,42
1,4,6,11,24,27
13,15,20,24,35,42
1,11,14,26,33,39
12,15,16,20,29,34
1,3,8,16,26,42
3,6,9,16,29,36
8,25,28,36,41,42
4,6,9,16,31,32
6,8,16,28,39,42
8,18,25,26,30,31
5,7,10,26,28,42
3,9,25,30,41,42
5,17,21,30,31,40
2,8,9,19,28,41
2,4,17,37,38,40
1,3,13,14,27,28
5,7,9,24,26,27
12,28,29,30,31,37
3,17,25,27,30,38
6,7,9,13,14,21
1,12,15,24,32,33
1,10,12,19,21,34
2,4,9,17,18,24
6,23,25,31,33,34
18,22,30,32,35,38
8,15,22,38,39,40
3,26,29,31,37,39
14,16,34,35,38,40
1,10,13,16,20,26
1,14,17,33,37,42
18,19,21,26,31,40
10,18,33,39,40,42
11,24,27,39,40,41
8,25,27,29,37,39
6,19,21,25,30,31
23,26,28,31,34,41
4,20,25,28,34,39
1,9,11,12,31,41
6,7,25,27,38,39
1,8,19,22,37,42
7,10,11,15,21,38
16,24,28,29,30,37
14,26,36,38,40,42
4,7,16,17,27,28
4,19,24,25,27,37
9,17,20,23,30,39
2,13,18,21,22,38
9,11,14,17,26,35
9,10,18,19,20,40
8,10,13,19,23,41
12,18,24,34,39,42
7,8,12,23,40,42
5,8,31,32,37,40
3,5,8,18,19,36
11,15,19,20,30,37
7,15,20,23,34,37
1,20,27,32,36,39
10,17,25,26,35,39
5,12,19,37,38,42
6,26,28,33,35,36
1,7,11,23,27,36
2,3,10,32,36,42
7,8,19,27,28,40
3,6,30,31,37,42
3,7,10,19,30,35
1,15,19,24,26,27
2,7,13,27,28,36
10,15,18,25,26,32
2,8,12,22,35,39
2,4,11,15,23,24
23,26,29,34,40,41
14,20,24,32,33,38
1,6,11,29,36,38
14,18,26,31,35,40
3,7,23,26,27,41
4,10,12,18,21,29
1,2,5,8,12,29
4,5,7,10,18,23
5,10,22,27,32,42
8,22,28,35,36,42
16,21,25,28,36,39
2,10,20,24,32,41
8,14,17,24,35,42
8,13,21,25,29,30
8,9,13,17,27,31
2,7,12,15,23,34
7,10,19,21,35,39
22,24,25,27,29,35
9,11,19,20,32,33
13,16,21,26,28,36
7,9,17,18,20,28
10,12,24,26,37,42
2,3,9,24,39,40
14,15,32,34,35,36
2,14,15,17,20,37
5,8,13,20,22,32
6,8,34,35,36,41
18,27,30,37,38,40
5,11,23,28,36,37
13,21,29,33,37,38
4,13,21,29,31,33
1,4,6,7,12,36
1,2,3,15,16,25
7,8,18,22,27,42
4,14,22,23,34,36
1,2,7,27,32,33
4,7,11,18,34,41
1,4,7,24,25,37
2,14,17,21,29,30
1,2,13,14,15,36
3,13,26,38,39,41
4,12,15,16,25,37
3,16,23,27,28,30
4,5,8,11,19,24
13,18,24,27,30,32
4,21,25,27,36,40
1,8,19,27,30,33
2,9,27,34,36,39
2,4,13,14,16,31
1,12,18,24,26,39
11,12,15,26,28,31
12,14,15,17,20,27
12,18,21,23,26,34
9,12,26,34,35,36
6,8,12,17,22,32
3,16,17,21,22,38
9,10,14,21,24,42
13,14,20,23,27,35
15,20,21,27,36,41
6,12,19,27,31,42
5,6,7,10,23,35
15,17,18,21,23,41
6,7,23,38,40,42
4,5,10,22,28,31
12,13,25,28,39,41
2,11,12,20,25,36
2,4,10,18,21,32
6,10,12,18,28,36
2,5,12,13,20,38
1,3,9,29,33,42
12,13,15,24,28,30
2,9,14,17,30,31
8,11,18,24,25,34
27,35,36,40,41,42
7,13,14,16,35,38
4,13,23,28,31,34
6,9,24,38,39,41
3,5,6,22,24,34
2,8,9,12,21,42
9,26,28,33,34,40
9,10,23,24,27,28
2,10,21,23,24,42
9,12,26,29,33,41
14,26,30,32,35,36
2,4,7,8,16,25
4,18,22,23,36,41
2,10,22,31,38,42
5,6,10,24,26,39
6,10,17,21,22,41
19,23,24,33,35,36
12,15,19,20,38,39
11,17,35,36,37,38
1,8,9,18,28,38
8,13,20,27,33,40
2,9,14,18,29,32
9,11,17,20,24,36
16,18,22,29,32,41
13,16,28,29,39,41
5,10,23,25,27,34
16,17,18,19,26,34
6,28,31,36,38,41
2,21,26,28,35,41
3,4,10,16,34,37
1,6,11,20,29,41
1,4,7,9,20,30
7,19,24,25,29,31
9,17,22,34,35,39
18,23,26,29,38,42
4,10,15,21,28,37
2,10,16,19,27,40
9,19,28,34,38,40
3,5,7,8,25,29
12,13,15,27,30,38
18,21,29,36,40,41
5,6,7,22,39,40
10,18,19,20,33,38
3,4,6,7,10,18
5,9,19,27,28,30
4,6,10,12,20,38
1,2,4,32,35,42
7,9,14,29,31,33
18,21,27,30,39,40
5,17,20,24,27,29
17,22,23,25,34,35
3,17,21,27,36,40
6,10,15,16,20,29
6,7,11,27,30,35
2,3,5,7,17,26
4,6,10,13,22,37
17,23,26,34,40,41
16,19,24,31,32,42
1,2,5,29,38,39
9,10,21,26,35,40
7,11,17,31,34,39
5,7,8,15,30,35
8,10,12,25,29,41
1,3,8,10,16,26
20,22,27,31,37,39
13,15,19,26,28,35
4,7,12,16,21,32
4,12,27,28,35,40
2,5,7,10,15,37
4,5,6,10,12,29
1,5,9,10,38,39
3,4,7,21,39,40
1,19,21,24,34,38
1,6,7,14,17,41
5,14,21,23,37,40
8,32,33,35,37,40
4,12,22,24,27,30
2,10,11,14,18,37
7,33,34,36,37,42
8,16,19,29,37,41
5,11,16,29,30,36
12,19,20,25,26,29
19,20,22,23,41,42
4,10,12,17,25,34
6,15,18,30,37,41
4,21,27,29,37,42
12,20,21,23,35,36
8,16,23,36,38,42
8,13,16,25,31,39
6,7,13,24,32,37
2,18,20,31,35,41
6,7,11,32,41,42
7,14,23,35,36,38
3,6,7,27,32,36
15,19,24,25,29,40
1,4,6,25,32,41
11,13,16,23,31,38
2,7,10,17,19,20
2,5,16,23,26,32
4,18,23,29,34,39
8,24,27,31,32,37
7,25,27,35,36,38
1,25,32,33,36,38
1,6,10,25,27,32
1,16,17,21,22,39
5,6,7,15,30,40
3,4,20,21,22,32
3,6,19,22,35,39
4,5,16,21,26,40
4,27,30,31,32,33
3,5,17,19,22,38
1,8,19,20,29,34
1,3,7,15,17,38
3,4,21,36,39,41
14,16,20,22,23,29
7,12,13,15,20,40
13,21,25,30,31,40
7,17,22,31,32,40
5,15,24,25,30,35
2,8,10,12,24,29
13,19,21,22,24,31
2,10,11,31,34,35
2,3,4,10,20,32
3,7,26,37,41,42
17,28,30,31,32,38
24,26,28,29,36,42
2,11,19,24,31,38
5,7,22,35,40,42
5,6,17,21,34,41
8,12,14,19,21,32
2,20,23,32,34,39
3,10,21,25,30,40
5,9,15,40,41,42
11,13,26,31,37,40
12,13,19,30,32,35
3,9,20,27,29,37
4,8,20,23,33,37
2,12,19,22,24,35
1,12,17,26,27,30
2,5,10,18,23,28
5,8,9,11,14,23
8,13,22,24,25,39
9,12,13,22,26,32
5,14,22,24,27,41
2,4,24,28,34,42
1,7,15,16,24,28
2,7,21,34,35,37
11,12,13,19,21,38
4,11,19,25,32,39
4,7,12,30,33,38
15,16,19,27,31,38
11,15,17,18,29,36
8,18,21,23,36,38
1,10,12,13,23,27
5,7,28,30,33,36
5,12,13,17,21,23
11,13,20,24,38,39
9,15,20,26,30,40
1,5,18,22,31,42
7,10,16,21,29,30
4,5,8,37,41,42
2,7,14,17,34,38
9,11,21,23,25,41
5,10,17,18,35,39
3,7,12,21,26,39
11,19,20,25,32,33
6,8,13,15,31,41
8,13,15,17,25,30
14,15,17,28,32,42
4,10,21,31,32,38
3,8,9,12,30,39
8,19,22,31,37,42
2,21,32,36,39,42
5,6,10,28,37,39
6,8,11,12,30,36
20,24,26,28,36,41
3,12,16,20,29,38
4,26,28,31,32,41
5,16,18,22,29,36
1,2,19,34,38,41
10,15,23,26,27,38
1,9,13,24,35,40
1,8,10,12,26,41
4,17,19,20,29,42
7,8,38,39,40,41
4,5,9,28,35,36
4,21,33,37,39,42
1,6,12,38,41,42
1,15,18,30,32,40
4,10,18,22,23,39
10,12,18,27,29,36
4,23,27,28,34,38
5,6,9,12,17,31
1,12,20,33,40,42
7,8,19,22,26,36
25,27,30,36,38,40
4,12,17,26,30,39
1,11,12,24,27,40
2,22,32,36,38,41
7,9,12,13,15,38
3,5,14,26,29,40
3,12,24,30,35,42
5,8,24,29,31,39
6,13,19,23,24,38
2,9,14,24,31,33
7,12,22,26,28,38
5,8,12,18,22,38
16,20,21,29,35,40
2,4,18,21,28,41
7,12,24,27,38,40
7,25,28,31,33,41
2,6,11,32,40,42
6,13,17,34,36,42
7,15,27,30,31,42
3,4,20,21,37,40
8,9,14,16,28,35
4,5,11,16,20,24
6,10,13,31,38,42
17,20,22,24,28,41
4,5,18,22,29,34
2,3,7,10,30,40
4,10,19,21,29,31
2,5,7,15,26,37
4,6,9,10,14,34
3,6,11,13,19,35
3,19,20,30,39,41
14,15,27,34,37,39
8,13,15,28,30,41
3,7,10,16,20,39
1,5,12,14,30,37
6,8,18,24,31,37
10,19,24,33,34,38
1,7,16,17,27,39
4,12,18,21,23,25
1,12,14,19,23,24
5,16,23,35,38,41
5,9,12,19,29,30
5,9,20,24,30,35
14,20,24,32,38,41
10,12,15,23,30,36
8,16,18,20,39,40
8,10,11,14,22,32
2,27,31,33,37,38
5,11,17,21,25,30
5,8,10,13,26,33
3,13,17,32,38,40
1,16,32,36,37,39
6,7,31,37,38,42
1,7,18,19,23,39
1,5,7,15,33,38
15,28,32,35,36,39
3,13,17,19,24,39
5,11,26,36,38,40
2,6,19,35,37,41
3,18,21,31,33,40
10,20,22,32,33,34
13,19,23,28,40,41
2,14,22,33,35,42
4,6,13,22,33,35
6,13,17,28,34,36
5,19,20,26,41,42
2,11,20,24,30,39
1,3,6,26,36,38
6,14,21,22,27,41
8,11,16,29,30,39
4,5,10,20,32,35
3,8,22,29,31,39
9,16,17,18,27,38
3,8,9,17,18,19
18,20,24,29,30,36
5,14,16,18,22,25
1,2,7,13,31,32
1,3,8,17,21,23
4,12,14,19,23,25
16,27,31,32,38,40
3,6,8,18,30,39
13,16,19,25,26,33
11,12,27,29,30,41
1,2,5,9,34,36
19,20,24,32,33,39
1,3,4,8,17,25
6,8,14,33,34,42
20,30,33,36,38,41
7,8,14,33,38,42
10,12,15,26,27,32
4,10,15,30,31,35
4,9,10,14,36,40
3,16,17,18,26,33
19,24,25,28,39,42
17,18,21,22,31,32
7,12,27,31,33,38
1,5,6,7,11,13
16,26,27,28,29,41
15,16,18,20,21,35
4,6,10,13,22,32
6,14,19,25,27,42
2,4,16,34,36,39
8,15,17,24,29,38
4,8,10,11,15,17
2,4,7,13,26,40
2,8,31,32,35,41
15,16,19,23,24,30
11,12,14,26,30,38
4,5,17,23,25,39
8,10,14,23,30,35
3,7,8,11,19,33
2,17,19,25,30,31
8,13,15,27,30,35
4,5,9,11,13,27
14,23,29,30,34,38
25,26,30,31,34,39
12,14,16,27,37,42
11,13,15,16,21,35
7,12,19,27,33,37
19,21,23,26,39,42
11,12,31,33,35,40
6,7,8,14,20,39
5,7,18,24,38,39
2,4,5,28,35,36
20,24,26,30,34,40
2,7,15,22,24,35
1,4,15,29,32,34
2,12,26,31,35,41
1,4,11,13,14,18
2,5,10,12,16,40
5,18,19,25,26,30
9,15,20,27,35,36
10,20,26,34,40,42
3,19,22,25,33,36
2,11,25,27,37,38
7,25,30,33,36,42
9,15,19,33,34,35
6,18,19,20,36,39
3,6,14,16,20,38
19,22,25,26,27,33
2,7,21,22,39,40
6,7,13,14,17,35
11,15,17,28,32,42
12,24,30,34,35,40
3,4,25,27,31,36
5,7,8,29,33,38
2,13,21,22,33,41
12,19,25,26,37,40
2,5,9,22,30,42
20,25,29,35,38,42
5,14,27,28,31,32
1,3,7,18,33,42
14,16,17,25,33,38
11,17,27,30,33,41
8,11,13,18,26,41
4,6,9,13,24,35
4,13,16,20,22,26
11,22,26,31,33,41
9,10,17,34,36,38
4,9,21,31,34,37
5,20,22,26,34,35
4,6,18,20,23,27
2,9,16,34,35,37
3,13,17,19,24,34
2,6,16,19,23,35
3,10,15,20,25,27
9,15,16,21,24,37
3,9,14,27,32,39
8,15,20,24,29,35
1,4,10,17,19,36
9,11,17,18,25,35
10,15,26,31,35,37
7,9,17,22,23,42
1,2,12,17,19,37
13,17,21,30,35,42
7,12,13,16,35,42
2,3,16,22,23,27
7,16,18,26,28,29
1,2,10,12,22,41
11,16,18,26,30,39
7,21,32,34,36,41
5,14,20,21,30,31
6,13,21,26,30,35
4,8,21,32,40,41
4,8,13,15,30,41
5,7,15,18,22,29
3,5,6,10,11,42
14,16,21,24,39,40
2,11,13,21,26,32
2,3,24,31,32,39
13,14,15,16,19,40
9,18,24,30,34,40
13,24,28,32,35,37
8,11,23,24,36,37
1,8,15,18,30,42
8,19,25,35,41,42
1,2,14,19,20,22
9,11,30,36,39,40
6,16,20,22,26,32
3,9,22,36,41,42
8,20,24,27,36,40
2,8,13,27,36,37
7,29,31,35,37,39
1,3,7,10,19,26
1,5,17,21,23,32
11,18,20,21,37,38
4,5,6,7,32,36
10,16,22,31,32,37
5,13,20,32,33,42
10,13,18,19,23,36
6,11,16,23,29,39
5,10,12,27,28,34
13,14,17,23,31,33
6,11,13,14,23,36
6,15,20,38,40,42
8,14,19,21,22,24
5,12,15,20,26,30
1,3,20,21,40,41
2,9,12,16,20,30
1,3,8,11,31,37
14,27,28,32,33,35
11,15,21,26,29,42
4,13,15,18,22,39
1,11,24,32,34,40
4,6,16,21,35,41
6,19,37,39,40,41
10,22,26,27,35,36
5,6,7,19,23,25
1,5,11,14,19,33
13,14,15,23,38,39
2,16,22,26,34,39
3,5,14,18,27,31
1,5,17,22,28,34
12,24,29,35,39,40
7,9,20,31,36,42
4,16,19,26,33,34
8,25,28,29,30,40
11,12,14,17,22,32
3,8,23,37,38,40
4,21,26,32,34,38
8,12,19,27,38,39
1,2,9,22,23,26
3,14,26,30,36,39
1,8,14,22,23,36
4,5,10,18,29,32
8,9,10,34,37,40
1,5,9,14,31,33
7,12,15,16,22,29
5,16,17,18,26,38
11,17,20,24,27,31
19,28,29,31,33,34
5,15,16,36,39,41
2,20,29,34,38,41
7,10,11,21,27,36
9,14,16,20,37,38
10,20,28,34,37,41
7,16,30,34,38,42
2,17,21,25,39,40
14,20,27,30,31,42
3,14,15,17,30,39
7,9,20,34,40,42
6,17,22,23,25,42
12,16,22,30,33,41
3,12,13,19,26,36
14,15,16,33,34,40
5,11,26,27,28,31
7,10,11,32,33,41
15,19,25,30,39,40
3,10,18,26,27,42
9,10,23,24,29,31
9,11,18,26,33,35
11,14,28,29,31,33
8,10,21,27,35,36
1,6,14,30,34,35
4,10,17,22,28,33
7,25,29,32,37,38
1,11,17,22,33,36
1,10,11,22,25,36
1,2,7,25,26,34
3,12,18,28,29,32
5,10,19,23,25,34
4,5,10,24,32,42
4,8,12,15,25,38
8,11,13,23,27,34
3,8,12,23,26,31
1,3,25,26,36,37
11,20,24,33,36,38
4,7,11,14,20,36
10,26,32,36,37,40
4,5,8,26,27,33
22,23,25,27,31,38
2,7,9,15,19,32
1,10,21,29,31,34
17,18,24,32,39,41
10,26,29,34,35,41
7,18,22,24,36,42
11,12,14,22,25,27
12,18,26,30,33,39
1,11,16,19,24,40
2,5,9,17,18,35
9,13,21,24,36,37
2,4,8,18,28,34
1,18,22,30,33,37
7,8,19,32,33,36
2,3,4,10,12,42
3,4,6,13,16,24
1,4,10,21,25,31
8,19,20,22,26,41
16,22,28,33,35,37
7,16,17,19,22,28
5,18,27,38,40,41
7,25,29,30,31,42
2,21,24,31,37,41
1,3,12,17,25,30
1,13,14,17,26,38
13,16,23,25,33,34
6,7,10,40,41,42
8,14,25,30,32,40
2,6,18,23,32,42
1,11,14,19,39,41
14,17,20,29,32,35
3,19,20,26,27,41
16,20,26,37,38,42
7,18,21,23,24,41
7,13,15,24,38,39
1,6,9,11,13,15
4,10,11,24,29,32
3,5,18,28,30,38
18,26,30,36,41,42
3,14,15,17,18,32
5,6,12,13,17,21
7,14,18,21,24,25
13,19,23,31,36,40
22,23,24,26,37,40
7,9,12,16,25,42
12,20,21,22,23,35
3,15,20,31,36,37
7,8,13,21,26,38
1,19,20,25,32,41
8,12,16,20,23,25
7,14,20,26,36,39
2,9,16,18,25,42
7,18,21,31,38,39
2,13,18,21,36,37
9,11,14,15,26,41
4,8,20,30,34,40
2,10,17,29,35,42
2,16,23,25,31,37
1,2,4,7,19,31
2,7,17,19,23,36
7,19,20,30,36,39
15,16,28,33,37,42
9,13,17,22,24,26
1,5,16,19,32,33
2,10,26,27,32,42
4,11,13,18,27,30
1,7,16,29,30,31
7,11,17,24,30,36
11,12,22,32,34,41
3,20,29,30,31,32
8,9,13,21,22,32
6,15,16,20,31,34
4,11,15,16,36,38
6,11,14,19,31,33
5,8,19,26,30,37
6,7,31,32,35,38
1,2,19,24,31,34
13,29,36,37,38,41
16,18,33,35,41,42
2,6,14,18,19,22
4,6,9,22,35,42
4,11,19,21,27,40
1,9,11,12,19,30
1,5,11,18,24,31
11,12,17,28,38,41
1,12,14,21,30,41
4,6,18,19,31,35
2,4,7,13,14,27
3,9,11,32,38,39
15,18,21,28,32,41
1,10,22,32,34,38
3,14,28,29,30,33
8,13,15,23,25,31
2,12,19,23,36,39
4,11,14,20,26,30
1,11,13,14,16,28
5,7,10,17,23,38
1,7,14,32,37,38
5,9,12,28,31,39
4,7,8,26,27,42
3,14,17,25,37,39
6,11,15,16,31,39
2,15,18,30,34,38
3,12,25,27,35,40
1,3,5,28,35,39
8,19,24,33,34,42
9,14,16,23,31,39
21,22,26,30,35,37
5,17,22,27,36,41
3,7,16,29,31,33
1,2,5,9,10,15
18,23,24,35,36,41
4,9,27,31,34,38
2,6,10,24,30,37
19,20,22,27,33,39
2,7,10,18,31,42
2,13,21,24,36,40
4,7,8,16,32,42
8,9,15,16,17,33
8,13,15,19,24,34
13,20,30,35,41,42
8,16,17,34,35,37
12,21,31,39,40,42
8,9,23,29,30,34
9,12,14,23,33,36
6,14,22,24,31,38
2,4,5,32,37,41
6,7,28,29,38,40
8,14,16,20,24,27
14,20,23,31,37,42
5,7,13,14,17,27
3,6,9,29,32,33
4,7,12,28,38,42
7,9,25,27,29,37
14,18,25,33,34,38
3,23,25,28,41,42
4,22,27,31,34,41
15,16,19,30,38,42
4,5,9,20,28,31
6,11,17,22,32,33
3,12,14,15,17,40
7,11,16,26,34,36
8,12,18,29,37,39
4,7,9,10,33,40
1,26,27,29,30,41
6,17,20,23,26,34
5,7,8,12,29,31
8,11,22,24,30,35
1,11,26,34,35,38
5,26,27,30,38,40
9,19,26,30,32,35
7,11,12,21,38,40
1,11,14,21,25,28
13,19,23,26,34,42
1,8,16,20,34,40
14,19,25,34,35,39
3,7,16,20,31,34
5,8,11,15,17,22
4,12,22,23,25,27
14,20,28,30,34,35
5,17,28,30,32,40
3,5,18,29,34,42
2,21,23,37,41,42
2,16,17,23,32,36
2,8,10,23,29,39
2,19,31,38,40,42
6,8,12,22,23,27
6,7,12,13,15,20
4,8,20,23,39,41
1,20,35,40,41,42
10,16,28,34,40,42
12,15,18,27,35,38
1,17,22,26,28,34
5,12,20,23,30,39
4,7,26,34,37,40
1,12,20,28,39,41
1,4,5,7,22,38
21,22,26,27,29,35
2,4,15,18,30,32
2,7,25,26,30,31
11,19,27,29,40,42
13,23,28,30,31,39
10,14,18,24,31,41
9,10,13,14,26,37
3,4,20,28,36,40
1,8,17,30,34,41
2,6,11,15,19,38
2,23,33,36,38,40
7,10,19,32,33,37
11,14,15,29,30,33
3,20,23,28,37,39
7,16,20,24,31,35
9,10,19,28,30,38
12,21,32,36,37,42
19,21,22,31,33,39
5,7,8,10,14,21
19,23,29,36,37,41
11,23,24,27,30,41
2,3,16,20,28,30
1,21,30,31,34,39
1,10,12,13,16,26
6,17,22,24,35,36
3,8,15,24,28,41
1,10,11,18,35,40
5,9,23,28,40,41
1,6,21,33,34,38
5,6,20,23,36,39
1,4,14,16,19,33
3,10,13,18,31,34
6,14,21,30,41,42
5,6,12,14,21,36
4,15,18,21,28,32
2,3,12,28,33,40
5,10,24,25,28,32
17,18,24,26,28,32
21,28,30,32,33,39
3,6,11,14,21,37
4,9,17,22,33,42
5,6,13,18,23,30
5,8,9,15,19,26
2,5,14,33,34,38
1,7,17,23,31,39
6,10,19,21,29,34
1,4,14,31,33,37
2,3,4,9,17,24
4,6,8,9,26,29
12,21,26,33,35,42
6,11,21,23,29,42
15,21,32,37,39,41
1,11,19,22,33,39
3,29,32,35,37,42
16,19,20,27,31,36
26,28,31,36,37,39
1,2,5,15,16,32
8,12,21,35,39,41
1,4,12,21,31,38
2,3,16,19,21,24
8,9,10,14,16,27
10,13,14,33,37,42
2,5,7,15,32,40
1,13,25,27,28,33
17,19,22,32,38,39
1,9,29,32,33,37
10,11,22,23,27,39
8,9,12,19,28,32
6,16,20,31,33,37
4,13,18,19,35,40
8,17,21,22,25,31
2,5,13,21,34,37
6,7,27,34,39,40
3,4,9,24,27,30
3,7,19,21,24,38
8,12,13,28,30,34
5,7,12,13,15,26
1,5,22,33,34,35
11,13,14,21,30,37
1,8,14,16,28,30
25,34,35,38,39,41
4,12,14,20,21,33
1,5,10,24,31,35
10,20,26,28,30,41
11,12,19,23,27,28
3,14,19,25,34,37
8,18,19,27,34,40
2,3,5,7,20,21
5,11,15,27,39,40
7,14,15,19,21,39
5,9,11,18,29,39
6,10,19,20,22,31
4,10,11,20,22,40
2,4,27,31,34,36
14,17,25,27,33,35
2,15,24,31,34,39
12,19,31,34,38,39
6,9,11,13,29,32
7,18,19,24,26,42
9,10,12,14,25,26
1,2,14,15,17,30
7,10,12,26,34,42
9,13,14,15,31,36
8,12,28,39,40,42
9,12,18,21,26,36
6,10,19,24,37,40
8,11,23,28,32,37
1,9,19,29,36,42
3,15,18,22,25,38
1,18,22,26,32,35
1,13,19,20,36,38
11,13,21,24,25,39
3,7,12,16,18,28
2,3,6,12,26,40
4,7,8,18,35,42
3,4,5,6,15,29
1,4,10,27,40,42
3,14,16,22,24,27
9,12,15,21,30,31
9,16,20,24,30,40
1,3,11,12,15,22
1,3,6,9,19,25
3,11,19,22,26,30
6,7,13,16,27,36
2,9,15,18,25,37
6,10,11,22,25,30
5,8,17,18,27,40
14,16,24,32,33,40
8,9,14,15,28,35
8,13,16,29,30,38
16,24,31,36,40,41
2,4,9,14,21,25
4,15,16,20,30,31
13,18,19,21,29,33
4,10,12,25,35,40
5,20,21,25,27,39
2,11,18,22,24,33
1,16,20,28,38,40
3,4,14,25,30,31
17,20,23,26,32,41
23,25,28,33,37,38
7,10,11,24,26,40
3,14,33,36,37,41
6,12,15,16,23,25
2,21,26,28,33,39
2,5,28,32,35,41
2,3,9,23,32,36
8,20,23,24,37,40
8,10,15,22,31,41
1,2,24,25,33,40
2,10,16,17,19,34
3,4,8,11,28,34
1,5,6,27,30,41
4,10,13,20,32,34
8,13,16,17,21,23
10,15,18,28,30,33
9,19,22,35,38,42
10,20,21,25,35,42
6,10,11,26,27,37
10,20,28,31,32,42
7,10,20,28,34,38
8,10,11,16,21,26
19,23,31,39,40,41
3,14,20,31,36,40
1,7,16,22,32,35
1,12,20,31,34,39
7,8,12,18,20,34
19,21,27,33,34,41
16,23,29,32,35,41
2,3,10,25,37,38
13,16,30,34,37,40
1,10,21,24,26,27
9,16,18,37,41,42
14,17,23,31,33,41
6,8,13,16,23,32
9,16,24,38,39,42
7,10,18,21,22,25
5,9,16,19,23,40
4,7,9,24,26,42
19,21,26,29,32,35
8,12,20,23,25,28
5,13,14,18,26,29
8,16,27,36,37,38
2,6,14,22,38,42
3,13,16,19,23,40
1,2,20,23,28,40
1,5,12,19,24,42
1,5,6,12,29,39
13,16,19,20,21,42
7,10,15,28,39,40
10,17,27,31,39,42
6,19,23,25,30,32
4,10,19,28,32,42
2,8,12,14,19,24
9,11,16,28,30,32
1,2,11,12,15,18
5,16,21,23,33,35
4,9,14,27,34,40
7,19,26,31,33,35
2,5,12,26,28,31
4,19,23,27,36,39
13,18,22,25,36,37
2,4,7,8,24,27
1,2,10,18,22,28
6,17,19,22,32,41
5,11,12,17,21,28
14,15,34,37,38,39
23,30,34,36,37,42
1,20,22,23,33,39
10,16,17,21,31,38
6,8,9,19,36,38
4,9,27,28,29,38
2,5,6,7,32,38
5,8,9,14,22,42
2,16,22,27,30,39
2,5,15,16,40,42
9,15,16,23,27,38
2,6,22,23,27,40
8,9,15,20,28,40
3,6,10,14,19,41
3,8,9,13,14,26
15,16,20,34,37,38
1,4,24,31,38,42
11,24,25,26,38,41
6,18,20,24,30,41
2,3,21,34,35,37
1,9,19,24,28,39
1,3,7,15,25,36
2,4,8,13,14,41
4,7,15,23,30,40
14,16,23,31,34,35
8,13,14,19,22,39
4,21,33,38,39,42
5,8,20,27,31,34
6,17,28,34,40,41
1,3,9,12,29,42
10,13,20,21,28,42
1,8,13,23,25,28
3,4,7,20,31,34
5,13,21,30,31,32
4,10,19,30,36,42
12,13,33,34,37,39
3,4,19,31,36,39
3,4,10,19,29,31
9,10,14,18,38,41
2,3,16,21,34,38
21,24,37,38,40,41
7,9,19,20,24,31
3,14,21,23,40,42
3,7,9,18,30,42
4,8,25,30,31,36
15,16,19,24,36,37
10,23,28,33,34,38
11,16,17,24,28,33
3,6,7,32,34,38
16,17,18,19,35,38
3,8,13,19,21,25
11,16,21,29,35,40
2,14,25,26,35,38
3,5,22,25,34,40
10,15,16,24,28,32
1,12,13,27,33,35
1,8,9,11,18,31
2,21,30,31,38,39
1,2,7,12,28,32
7,25,26,27,39,40
17,26,31,39,40,41
16,18,25,31,32,42
15,19,21,31,39,42
1,3,19,26,31,33
1,8,19,21,25,40
2,6,17,24,25,37
1,2,9,23,28,36
4,5,9,14,17,19
24,27,30,31,40,42
10,15,16,21,23,40
1,5,12,17,26,28
2,5,15,24,25,37
9,30,36,37,39,40
1,3,11,23,30,36
7,9,10,16,33,34
17,18,19,23,28,39
2,16,20,27,37,38
2,5,6,9,21,27
2,3,8,17,33,39
2,5,14,20,32,34
1,8,11,13,15,23
2,10,23,26,27,29
10,12,21,23,24,36
1,4,10,12,14,41
8,15,17,25,34,41
7,11,20,32,33,42
2,3,7,24,25,26
1,5,7,8,13,31
2,7,21,23,24,26
2,3,11,30,33,34
1,6,18,19,38,42
3,4,21,29,34,41
1,4,30,31,36,40
3,5,6,23,31,37
2,10,11,20,27,28
8,19,31,34,36,38
2,3,8,24,29,35
3,6,24,25,34,39
1,2,9,14,24,36
6,9,13,17,26,33
4,11,13,22,34,38
8,22,32,35,36,42
2,8,19,30,33,41
16,21,27,38,39,40
3,5,18,30,31,32
9,23,30,33,37,41
11,12,13,19,34,38
8,16,23,28,41,42
9,14,18,23,28,42
3,8,33,40,41,42
8,10,13,16,20,41
1,24,27,28,35,40
23,25,31,35,36,38
7,14,18,19,23,32
2,6,13,15,38,41
11,14,15,17,22,23
7,10,21,23,34,42
7,11,12,17,20,34
2,8,11,18,21,23
3,8,9,10,19,34
5,10,21,22,28,37
4,9,21,28,31,36
4,16,23,24,26,34
4,9,17,18,21,27
5,7,21,30,37,39
1,13,16,18,33,35
6,13,17,34,37,39
2,10,23,24,27,30
3,16,18,19,20,26
8,9,11,16,30,34
1,3,16,18,21,37
2,11,16,25,29,36
9,18,23,32,36,41
14,16,20,27,30,33
15,22,27,31,37,39
7,11,17,23,25,37
1,3,12,30,33,38
13,15,26,38,39,42
3,5,11,14,15,38
2,13,15,19,25,38
3,10,12,14,33,34
5,14,17,25,40,42
6,8,10,12,21,39
17,28,30,36,38,40
15,20,23,30,33,41
2,5,10,25,27,42
4,10,14,16,18,41
2,4,6,14,36,40
12,14,18,23,27,28
5,7,8,18,20,38
1,2,11,14,24,38
2,3,8,23,25,31
2,13,20,27,29,34
17,23,27,29,37,42
1,11,13,21,27,35
3,11,22,24,28,35
5,10,11,18,34,39
6,17,18,33,35,37
2,9,12,24,30,34
11,15,28,30,31,41
3,22,26,32,37,40
11,18,25,26,34,42
8,10,18,20,35,38
6,11,12,17,34,35
21,25,30,34,35,37
1,22,24,28,29,36
9,12,17,23,34,35
1,12,19,33,35,36
11,12,17,19,31,38
16,18,19,22,31,36
14,18,30,31,34,42
6,8,16,18,37,39
4,5,15,16,25,39
2,17,19,24,32,35
6,10,14,24,26,27
4,16,25,36,41,42
3,5,25,26,29,40
11,27,28,37,38,41
1,9,19,20,29,32
1,8,10,14,38,40
1,5,13,26,30,32
2,7,9,11,34,39
9,10,23,26,28,39
1,4,21,26,35,37
2,14,27,28,32,35
7,11,20,27,30,42
6,15,21,30,31,39
13,15,26,27,38,41
4,28,31,32,37,38
2,20,27,35,36,41
1,6,7,15,27,34
1,4,7,13,35,39
3,11,12,13,17,40
6,10,23,27,28,33
1,14,16,22,30,35
2,8,26,27,30,35
3,13,17,27,31,34
2,3,7,17,29,35
8,11,12,17,20,34
3,12,17,30,38,40
6,9,18,21,39,40
1,23,25,29,30,33
5,11,18,23,25,30
3,6,18,21,26,29
11,21,27,29,30,33
7,19,23,31,37,40
4,9,12,21,31,36
6,9,17,28,31,33
1,6,17,22,34,42
5,10,15,26,29,30
16,20,30,33,36,42
1,7,16,19,22,40
4,7,19,30,38,42
2,3,6,10,17,30
12,13,17,29,31,42
5,24,33,35,40,41
7,8,22,28,29,35
2,8,11,31,34,36
3,4,5,13,18,37
18,27,29,35,36,41
10,12,13,15,16,38
3,15,25,39,40,41
1,5,10,16,41,42
2,8,17,21,30,40
6,15,17,27,30,40
2,3,7,10,35,36
7,18,19,20,21,40
5,10,15,30,31,32
5,15,20,21,22,33
2,5,9,19,23,38
5,12,20,21,34,42
9,17,20,32,35,42
12,15,16,25,38,39
1,10,12,14,31,33
3,11,13,25,35,40
2,12,14,27,29,35
11,13,14,23,28,42
10,17,18,23,31,37
3,11,14,25,34,35
1,6,19,34,35,38
14,22,26,27,28,31
2,19,20,21,29,37
6,7,10,13,19,21
6,10,16,28,35,38
3,10,15,18,24,42
8,11,18,23,32,42
7,12,13,17,27,35
5,6,10,20,32,38
17,20,31,36,38,39
9,11,27,29,39,41
8,12,17,18,29,41
6,7,10,30,40,41
7,10,12,14,18,41
7,15,18,24,25,35
6,16,23,33,39,40
5,19,23,24,28,36
7,8,13,22,34,36
3,4,13,26,39,41
1,8,15,31,37,39
2,7,27,29,33,39
13,24,25,33,36,37
7,18,21,36,38,40
10,12,14,22,25,40
1,31,33,35,36,38
4,6,10,21,30,32
11,21,26,31,34,35
6,8,10,22,31,39
19,21,23,24,25,28
3,6,17,30,32,34
9,15,16,26,29,36
3,4,6,23,25,27
6,8,13,14,33,36
1,13,21,29,33,37
2,18,23,28,32,42
6,20,23,24,30,36
12,13,16,25,39,41
2,6,8,9,17,42
3,12,13,22,30,42
1,6,8,9,19,40
5,6,30,36,37,40
1,6,9,19,23,27
2,3,12,17,31,33
2,16,22,23,27,30
3,13,19,24,33,39
1,3,20,24,25,30
4,15,16,19,20,25
3,10,17,18,29,41
2,11,15,17,35,41
4,17,20,25,31,42
5,19,22,26,39,42
8,23,32,34,37,38
4,11,28,32,34,37
11,13,14,26,27,31
2,3,10,11,21,40
5,9,28,33,35,42
18,19,24,32,37,39
1,2,7,27,28,30
5,21,23,26,37,39
8,10,23,28,36,37
3,16,26,31,34,39
11,13,22,23,34,40
23,26,29,31,32,35
3,10,16,17,28,41
13,15,18,23,41,42
6,12,22,24,40,41
8,9,19,29,36,39
11,13,25,30,38,40
3,5,15,22,24,27
1,4,13,23,31,32
2,6,8,9,12,38
6,10,13,17,29,32
15,17,24,28,31,35
2,7,8,19,23,40
7,16,19,20,29,30
12,16,22,23,26,28
11,20,28,30,31,40
5,7,14,19,31,39
1,9,20,25,27,28
3,4,11,21,23,34
5,18,26,30,36,42
23,24,26,34,35,36
3,16,17,34,36,38
25,26,33,35,36,39
1,12,13,17,22,32
1,5,9,23,28,33
3,9,20,24,25,27
6,9,18,21,27,39
3,8,24,32,33,41
1,14,15,19,20,32
1,9,20,27,40,42
4,10,24,25,29,39
2,16,28,34,40,42
3,6,9,11,29,31
7,29,31,32,35,36
10,15,18,29,30,34
4,6,10,27,34,41
5,11,16,26,37,40
4,6,18,31,34,40
3,16,17,23,33,40
7,16,20,24,26,36
4,5,6,7,9,23
12,24,32,33,36,42
3,11,20,29,37,39
6,9,15,22,23,39
1,8,14,15,17,22
1,11,16,19,30,31
10,13,15,21,24,26
3,10,29,30,32,40
1,5,7,22,27,39
3,4,7,9,15,33
1,12,21,35,36,40
1,15,18,20,31,36
5,13,16,30,33,35
2,12,17,18,35,39
4,15,20,26,31,41
5,24,25,27,41,42
4,7,16,17,25,39
2,5,16,28,37,40
12,14,19,29,33,35
2,12,16,28,31,37
8,11,22,33,35,42
6,19,23,29,31,35
2,4,14,23,24,34
4,5,9,16,19,39
1,5,8,22,23,28
2,4,7,8,21,36
9,14,17,22,23,35
2,5,13,20,34,36
1,7,33,35,37,41
2,7,9,19,35,40
4,6,17,26,28,32
16,21,29,33,38,41
20,24,27,36,38,40
7,23,29,30,33,34
4,11,26,32,35,40
1,8,13,22,23,37
2,8,17,18,21,34
3,21,24,25,34,42
19,24,25,28,29,36
4,6,21,23,30,36
1,4,5,20,30,42
4,12,21,27,30,37
11,27,29,30,36,37
4,12,15,27,29,31
6,7,12,16,27,33
2,11,25,29,31,41
5,23,29,38,39,41
1,4,9,20,22,35
5,15,17,21,22,35
13,15,18,21,28,29
7,23,27,32,39,41
3,13,17,19,34,36
8,15,17,30,31,41
5,9,15,20,21,34
5,6,9,32,35,40
6,7,20,23,31,42
4,15,20,23,28,41
6,8,28,30,32,36
7,9,17,19,23,40
3,10,16,17,21,32
2,11,12,13,19,41
5,7,11,15,20,40
4,11,24,27,28,32
2,10,20,21,33,41
7,12,26,28,29,37
1,18,20,23,40,42
4,13,24,28,33,36
1,2,30,31,34,35
1,10,11,17,23,33
8,9,19,20,30,37
6,17,23,27,33,35
9,10,20,26,27,31
1,6,29,31,34,39
5,12,13,25,36,39
4,13,21,30,31,33
7,10,13,27,30,41
10,16,19,28,32,37
10,19,25,33,36,40
6,22,26,29,39,41
7,8,12,15,18,30
7,12,14,18,25,38
4,20,23,30,35,38
4,12,17,20,29,37
1,5,30,32,36,41
7,9,17,22,25,33
5,20,23,32,36,37
10,21,27,29,32,38
2,7,10,13,26,32
9,10,12,16,32,37
1,6,8,9,31,32
6,9,20,28,35,42
4,16,22,26,29,30
2,19,25,27,31,38
7,8,19,29,31,34
4,8,17,27,32,40
3,9,26,34,35,41
9,20,29,33,35,39
11,28,30,37,38,39
3,6,12,20,26,36
3,15,16,17,29,36
1,8,10,15,20,33
1,5,10,15,19,36
5,11,14,22,31,32
3,4,7,8,13,37
5,10,11,13,24,36
7,13,25,32,33,37
3,14,29,31,36,38
3,6,9,21,31,35
3,10,19,27,35,38
5,23,28,31,34,40
2,3,8,24,27,40
2,5,10,17,29,35
1,3,7,19,28,31
6,7,18,20,28,33
2,15,19,20,21,22
11,12,13,25,29,34
2,16,19,30,38,42
5,13,20,28,31,32
4,12,17,21,31,39
8,12,13,19,23,29
10,13,15,36,37,41
1,20,25,27,31,41
6,21,22,32,39,40
1,15,32,36,40,42
6,15,22,29,34,40
4,8,32,34,36,38
1,5,7,9,32,42
4,12,16,24,26,31
9,12,22,28,33,42
3,11,19,25,36,39
9,17,18,23,30,34
4,10,18,19,21,27
20,22,26,29,34,39
2,15,20,21,24,38
1,3,11,12,31,38
4,18,21,29,33,42
2,5,6,11,33,42
3,6,16,17,22,28
23,24,37,38,40,42
12,21,26,27,32,33
4,14,17,20,23,31
6,14,15,19,23,29
8,18,24,25,36,39
8,15,20,21,33,37
4,21,26,29,32,41
2,18,25,28,32,33
2,22,25,31,39,40
11,12,14,30,38,42
4,16,21,36,40,41
3,14,21,24,26,31
5,15,17,25,33,34
9,14,17,18,19,38
3,7,14,16,25,31
1,4,13,30,32,39
10,12,26,29,33,37
5,18,21,26,30,40
6,14,23,24,33,42
1,5,10,12,32,42
2,15,21,31,36,40
4,11,14,19,40,41
9,18,22,31,35,36
1,10,17,31,39,40
1,9,12,15,28,41
2,11,16,28,36,38
7,17,20,34,36,40
5,6,14,17,33,38
2,21,25,33,40,42
7,21,27,32,35,41
4,8,12,30,37,40
1,12,19,27,28,38
11,14,21,22,23,36
1,14,21,30,34,39
3,4,6,20,25,41
7,25,28,35,37,40
11,12,26,27,39,40
5,21,25,27,39,41
6,17,24,37,39,40
17,23,33,35,36,42
7,22,23,26,39,40
3,4,16,19,21,38
6,8,9,23,24,35
1,12,25,29,38,41
6,16,19,21,25,37
5,9,11,19,22,24
3,5,9,16,19,26
10,12,14,16,24,38
1,2,7,32,35,40
5,6,13,15,27,32
4,11,13,15,31,40
6,10,21,23,25,28
2,18,23,31,33,40
1,14,23,24,32,35
16,19,25,30,31,35
3,6,7,11,25,29
1,7,21,26,29,35
9,13,14,19,20,23
5,11,12,24,28,40
15,24,29,33,38,41
4,14,22,23,25,42
2,4,10,13,15,38
16,18,20,22,26,30
2,8,13,18,26,34
7,23,25,29,39,40
3,12,13,23,24,37
7,9,31,32,33,35
8,20,24,29,39,41
7,13,18,20,24,25
1,10,12,13,20,26
12,19,26,27,31,41
2,4,6,14,19,23
8,10,16,28,32,35
2,3,4,7,13,38
1,2,4,15,23,25
9,15,16,20,31,33
4,16,19,21,24,40
2,14,26,29,30,40
12,20,24,25,30,37
1,3,13,32,35,37
15,17,26,30,34,39
4,9,20,29,31,39
5,6,8,13,25,38
16,19,30,33,34,37
8,17,24,25,36,41
6,9,12,23,28,36
2,18,26,28,31,40
16,17,27,28,37,40
1,4,6,17,24,25
4,9,31,35,36,37
3,7,12,22,26,36
5,17,25,29,33,34
5,16,22,25,37,42
1,7,8,16,24,41
6,12,16,20,33,42
1,16,31,33,37,40
15,26,28,29,39,41
5,6,9,11,22,30
4,5,7,19,24,28
11,24,25,30,32,36
3,24,32,37,38,40
4,8,17,26,32,40
1,7,11,13,35,37
10,12,23,33,35,37
8,15,24,29,35,42
7,8,22,23,31,42
3,26,27,31,35,42
6,10,14,15,24,39
4,5,14,18,27,38
4,5,6,24,34,36
1,12,21,25,27,42
11,12,16,17,28,31
1,6,9,20,28,35
14,15,22,28,37,40
5,18,19,31,35,36
3,13,16,19,22,26
1,2,7,15,20,29
8,9,13,26,30,42
18,19,25,28,31,33
1,20,24,27,38,39
4,9,18,22,24,25
1,2,20,24,26,36
3,8,11,15,20,25
8,9,12,20,23,39
7,22,26,32,34,36
6,7,9,38,40,42
1,5,9,21,36,40
5,7,20,23,29,38
1,2,7,20,22,34
2,9,12,18,20,22
7,19,25,29,32,34
7,9,10,14,27,42
1,6,21,23,28,36
3,18,19,29,38,39
5,7,20,37,39,42
3,4,13,19,31,32
5,10,14,17,24,32
1,12,18,32,33,42
12,15,25,26,29,34
7,10,15,30,39,42
8,11,12,23,39,42
3,11,15,26,32,37
7,8,14,29,34,40
6,10,13,23,30,42
2,5,7,29,32,38
1,7,10,13,14,15
10,15,28,29,32,37
25,28,29,31,37,42
2,4,10,22,28,40
7,8,10,14,18,36
8,13,14,21,31,41
13,16,19,21,33,36
5,8,12,13,21,26
4,22,24,29,41,42
1,2,6,24,35,39
3,10,11,19,27,42
1,6,22,27,33,36
9,11,13,16,34,35
3,5,14,20,34,40
2,4,6,7,10,39
1,28,29,31,34,39
7,10,12,34,36,40
3,12,17,25,33,40
1,5,8,27,34,37
1,2,10,18,34,37
1,6,18,21,28,34
3,8,21,26,29,33
7,8,29,30,32,40
3,7,15,30,31,42
16,20,24,26,29,40
8,17,18,28,34,40
11,23,28,30,32,36
2,18,20,21,25,27
4,5,13,28,35,37
4,13,15,19,22,31
3,5,9,25,38,40
20,22,36,40,41,42
2,4,7,8,26,32
1,7,9,26,31,37
2,9,10,21,23,31
8,9,12,23,36,38
6,22,28,30,35,37
3,9,17,21,27,38
8,12,14,21,27,31
11,14,24,27,29,33
11,14,21,24,28,36
9,12,24,36,37,42
1,3,5,7,32,33
7,12,19,21,29,35
4,21,27,29,33,38
8,27,32,38,40,41
3,6,11,23,26,36
10,19,34,36,38,42
19,20,24,34,36,41
6,7,17,22,25,27
1,17,22,31,33,35
3,12,13,18,19,41
14,15,16,21,26,31
4,18,20,26,28,30
2,11,23,30,34,37
2,14,18,21,36,41
24,31,34,35,37,39
1,14,18,19,21,29
4,9,12,30,37,42
3,6,17,25,28,35
2,16,19,35,40,42
5,22,25,29,35,42
5,14,26,28,30,40
8,19,25,29,30,35
3,12,23,24,30,39
6,21,30,32,36,39
1,10,12,18,28,38
3,26,30,33,34,37
6,14,21,24,29,33
10,12,13,19,33,34
5,10,17,18,25,28
1,4,21,22,31,34
10,12,22,24,25,37
11,12,18,23,33,39
1,5,22,31,38,39
17,23,26,32,40,42
1,4,5,21,24,39
7,9,11,15,28,39
4,15,18,30,33,34
2,12,13,16,32,35
5,17,32,34,35,36
5,19,21,24,27,36
3,4,10,18,29,42
10,13,17,25,32,39
3,4,15,26,34,42
4,5,10,11,34,35
2,6,13,26,31,36
3,13,17,22,39,42
3,8,13,16,25,31
5,7,11,19,23,40
13,14,17,23,35,40
6,7,8,10,30,42
2,11,20,24,26,33
9,21,22,26,30,32
8,24,32,35,38,39
16,18,23,30,31,40
1,10,12,15,39,41
2,6,19,24,28,32
17,21,23,34,38,40
3,7,17,24,33,40
1,2,9,16,18,20
3,17,19,24,29,36
12,14,22,25,32,36
9,11,12,20,27,37
4,5,6,14,19,30
3,11,24,25,26,28
7,9,20,22,34,39
6,11,20,28,38,40
18,19,26,29,30,39
1,13,29,33,35,42
3,5,7,9,23,29
9,14,16,31,36,42
13,20,28,35,39,40
11,12,21,22,23,41
1,17,24,26,31,36
14,18,19,22,26,31
5,14,22,29,36,40
4,6,9,13,19,29
11,16,19,29,31,37
22,25,28,33,40,41
1,5,19,21,34,39
1,7,9,13,18,39
2,8,11,15,28,38
1,5,18,30,31,36
1,15,16,26,29,42
13,16,24,31,38,42
15,30,31,35,38,42
1,28,32,34,39,42
1,4,5,19,27,42
1,7,20,21,22,23
1,9,15,21,30,35
21,26,27,28,36,41
12,22,23,27,30,37
26,30,34,36,37,42
4,17,28,31,34,38
1,7,11,17,26,39
1,10,24,28,37,39
14,25,26,31,36,40
10,12,19,25,37,39
9,10,23,26,34,39
4,5,12,14,21,35
10,17,18,20,24,38
9,17,23,25,28,39
5,11,21,33,36,41
10,11,14,24,33,41
11,30,35,39,40,41
4,8,24,29,34,40
4,5,7,9,17,23
23,27,29,30,33,40
2,12,16,19,28,29
18,20,21,22,39,40
10,13,21,22,24,33
1,5,18,24,33,40
15,23,28,32,34,36
4,23,29,33,36,39
16,23,24,28,29,30
2,14,25,34,41,42
2,20,23,30,32,38
3,7,22,23,25,34
6,18,31,34,39,41
1,4,5,9,21,24
4,13,24,30,32,36
1,8,10,26,30,37
13,20,30,34,40,41
2,3,14,19,27,36
10,36,37,38,40,42
2,11,13,16,20,32
7,9,13,16,26,41
3,21,25,28,30,39
2,3,14,16,32,41
6,12,26,31,35,40
9,13,18,24,27,29
7,15,17,28,30,40
11,12,31,37,40,41
5,6,7,10,16,25
3,6,11,14,30,36
7,17,24,28,38,41
3,4,5,9,15,20
3,6,17,29,31,38
3,27,28,29,33,35
1,26,28,33,37,41
1,8,26,28,29,34
4,15,29,30,36,37
4,8,9,12,30,40
4,6,16,18,30,41
11,19,28,33,34,36
5,6,19,27,36,42
2,8,10,19,27,37
9,23,26,35,39,42
5,18,24,32,36,39
1,7,18,22,27,41
2,4,11,32,33,36
2,3,4,17,21,42
3,10,11,12,27,29
5,6,15,19,23,36
10,11,14,16,28,32
2,8,12,15,24,31
3,5,8,24,29,31
4,10,18,21,25,35
5,10,14,18,33,38
8,9,21,24,26,41
1,23,26,27,28,38
4,14,22,26,41,42
4,7,14,30,36,42
1,7,27,28,29,33
1,4,14,18,30,32
6,17,19,27,39,42
3,14,18,19,20,35
6,20,21,31,32,39
1,3,8,12,23,30
6,15,16,24,38,40
11,22,25,29,33,34
2,7,11,17,33,35
3,5,10,16,19,35
8,17,22,24,26,38
6,9,14,16,18,38
4,7,13,29,32,35
5,7,10,17,28,31
3,6,14,25,32,39
2,3,17,22,37,39
5,9,17,20,22,29
3,16,26,34,35,36
2,7,12,16,21,40
9,13,14,18,34,37
4,6,21,22,34,36
7,21,22,32,35,37
3,6,8,11,26,29
4,7,25,27,30,33
4,5,7,24,32,42
2,4,25,29,35,39
6,12,13,22,30,36
19,21,25,26,28,39
7,33,34,37,40,41
5,21,23,40,41,42
9,14,17,20,28,41
13,17,21,26,28,42
2,12,15,25,39,41
8,12,23,24,29,37
10,15,16,20,25,41
2,3,20,22,28,42
6,13,18,24,26,30
8,11,16,18,22,41
8,11,16,19,35,37
13,14,20,21,23,35
3,10,12,17,18,29
12,15,32,33,36,40
1,4,5,13,15,29
3,6,14,17,25,38
5,14,15,18,37,41
1,3,5,20,25,27
2,3,23,25,29,40
4,6,7,8,26,32
8,14,18,26,29,41
10,14,15,28,31,34
11,17,18,37,38,41
10,11,14,21,37,40
3,5,11,33,34,37
1,4,17,25,26,37
4,13,19,21,38,41
3,6,15,17,20,33
1,8,17,22,28,36
1,7,12,19,22,34
1,5,9,12,16,34
19,20,25,31,36,40
8,10,24,27,30,36
11,13,22,38,39,41
13,18,19,23,36,40
1,2,14,19,29,39
1,3,7,8,12,19
4,6,7,19,27,28
9,26,32,33,37,40
12,15,23,36,37,39
7,16,19,20,27,40
4,6,25,28,36,41
4,10,21,27,37,41
11,13,15,23,31,33
17,19,22,26,28,34
3,4,7,10,31,37
4,9,11,23,27,34
8,12,16,20,28,34
1,4,13,16,18,40
4,5,16,17,19,20
7,15,25,36,38,40
2,21,26,35,36,42
1,16,21,23,36,37
12,15,18,23,34,42
9,10,18,19,31,37
2,9,19,21,30,34
8,11,13,16,25,42
7,16,17,26,27,34
15,17,21,26,32,36
6,16,28,30,31,37
7,8,10,15,20,40
17,21,29,32,34,39
1,4,6,9,14,40
8,9,15,25,26,27
3,14,15,27,34,42
2,3,12,20,36,39
3,10,12,17,23,32
11,15,25,26,28,31
6,16,19,20,34,36
9,12,28,35,38,39
1,11,12,33,37,38
12,14,17,26,30,38
9,10,15,19,34,42
3,17,19,23,29,32
2,15,16,22,30,33
7,11,18,19,31,34
11,14,26,29,34,41
1,6,12,18,23,26
13,15,18,31,32,42
3,16,34,36,37,39
5,15,22,30,32,33
1,7,13,27,29,42
5,26,31,34,38,41
5,17,19,28,29,38
3,17,18,26,32,40
15,20,22,26,32,36
3,11,28,31,36,38
4,7,15,17,23,37
11,30,31,34,35,41
12,15,22,30,32,36
1,5,23,30,34,38
8,9,21,24,31,42
2,7,15,19,27,34
3,4,12,27,31,42
1,3,4,5,11,29
10,12,14,17,20,41
11,22,23,30,34,41
2,5,25,30,37,40
5,6,10,13,38,40
1,5,13,32,35,40
12,15,29,30,33,38
7,25,28,31,35,42
2,18,23,26,36,39
10,18,19,23,31,38
6,19,21,23,29,41
6,10,11,14,31,42
2,5,8,25,29,36
2,5,9,10,26,27
14,17,24,29,32,42
13,17,18,37,40,42
6,11,12,18,19,32
11,16,21,24,40,41
4,15,29,31,35,36
11,12,22,32,33,37
1,6,12,21,39,40
6,10,20,34,36,39
13,16,20,31,33,36
7,9,11,27,38,41
6,7,16,19,25,31
14,19,21,22,28,34
8,34,37,38,39,40
1,7,24,27,37,40
2,14,15,20,26,37
5,6,16,27,31,32
9,12,14,27,34,41
4,8,16,23,27,40
4,12,19,24,37,39
3,13,15,25,31,33
4,8,13,25,36,42
2,8,10,18,28,34
4,7,10,14,26,42
5,13,31,32,36,37
5,9,19,20,25,29
7,10,12,22,34,37
2,6,24,25,31,40
2,5,24,26,27,33
2,6,10,11,18,19
6,9,24,35,36,41
12,21,26,30,32,37
2,9,12,20,25,27
2,25,29,35,37,38
3,9,28,29,38,42
4,5,6,7,40,42
12,16,20,22,24,34
8,18,24,26,27,28
19,21,22,31,32,36
8,22,27,32,37,39
2,3,4,12,17,31
6,12,13,21,35,42
5,8,10,18,21,37
5,6,10,12,20,41
2,13,14,27,28,40
6,10,14,24,31,37
1,9,10,30,34,39
9,17,21,28,36,38
2,9,15,18,23,25
1,18,25,28,29,36
6,7,10,25,27,33
8,13,27,33,35,41
1,11,13,23,34,40
3,9,26,27,36,37
2,4,5,19,36,40
3,9,14,32,34,39
1,4,6,9,12,39
5,11,16,24,39,42
10,12,22,23,27,40
11,17,18,20,38,42
1,5,7,19,21,29
8,26,29,35,36,40
5,15,20,21,38,40
5,6,19,38,39,41
20,25,36,38,39,41
5,15,23,30,35,39
14,26,28,29,30,33
10,16,25,28,37,40
10,12,15,23,30,36
6,9,25,35,37,38
1,7,9,20,29,41
14,24,25,32,39,41
16,26,28,36,41,42
23,30,32,35,39,40
5,9,16,20,36,42
7,11,12,19,23,41
1,20,25,26,29,36
1,10,12,28,30,37
2,9,24,30,35,39
1,8,18,19,34,41
1,7,10,19,31,33
2,10,19,24,27,42
3,14,17,18,34,37
1,16,22,23,28,38
10,12,18,23,38,41
4,5,11,31,34,35
16,25,26,30,35,41
18,26,36,39,40,41
2,11,22,23,28,30
18,23,25,28,35,37
3,9,11,13,27,29
15,20,22,23,30,42
4,5,20,26,37,42
6,14,17,23,32,34
14,15,21,23,29,34
10,14,18,34,38,41
6,7,14,15,19,30
5,15,18,25,38,40
16,22,25,28,30,42
8,12,15,16,32,42
16,23,28,35,37,40
5,11,25,28,29,31
2,10,11,21,22,36
3,14,23,26,31,41
3,5,15,21,37,38
11,20,21,30,31,38
7,22,26,27,36,41
3,5,11,20,24,41
7,9,13,15,16,37
18,23,31,32,41,42
2,17,18,29,31,37
3,13,16,17,33,39
7,15,16,23,28,29
7,13,16,31,33,36
1,5,24,28,34,37
4,10,13,27,37,38
1,5,7,18,24,31
4,19,23,30,34,37
2,4,14,15,19,34
8,16,20,25,34,38
4,6,11,12,17,31
13,21,30,36,39,40
13,16,26,32,37,38
1,14,22,31,38,42
8,9,20,21,38,42
5,6,30,31,34,39
11,13,14,15,22,41
1,12,13,14,15,36
3,6,12,13,17,36
10,22,26,29,36,38
1,6,7,9,25,36
9,13,17,31,34,42
10,12,14,15,19,21
18,19,20,21,28,40
3,12,13,15,30,37
7,21,22,25,28,30
7,8,10,15,16,42
5,7,19,24,36,41
13,20,29,30,34,38
6,9,27,33,35,36
15,17,22,33,37,40
16,17,21,26,33,38
3,5,7,24,27,36
2,14,19,22,28,34
2,3,8,12,21,29
6,8,13,16,17,41
6,7,11,21,27,38
7,24,26,27,31,41
5,17,23,28,32,34
3,12,13,14,29,31
1,21,22,26,29,31
11,13,25,29,34,39
6,9,18,24,36,40
1,5,17,18,21,35
1,11,12,13,26,33
5,6,32,34,38,39
8,22,28,32,33,40
1,10,14,20,35,36
5,7,8,12,17,24
10,13,23,24,35,40
1,10,11,14,26,31
1,23,25,29,30,37
5,6,13,29,31,33
2,6,11,18,23,35
5,10,19,25,28,37
1,6,12,21,34,35
2,12,20,23,31,42
8,16,18,19,31,36
1,10,13,29,31,35
11,21,26,27,30,35
9,14,16,24,28,35
16,17,20,21,26,32
3,12,27,32,39,42
10,14,27,28,29,38
13,24,25,35,39,40
4,15,23,24,35,42
5,7,8,31,36,38
10,13,18,36,38,41
4,15,23,24,35,42
7,15,33,34,36,41
9,16,18,22,31,35
4,9,19,30,35,42
4,6,7,8,13,14
10,14,16,25,30,42
21,22,28,32,34,39
7,16,17,18,23,42
6,12,13,18,27,32
2,6,9,18,19,26
18,19,20,26,30,39
2,9,12,19,27,39
8,24,27,31,34,38
7,8,14,15,30,32
1,2,16,26,30,34
20,21,25,26,31,32
9,15,26,31,35,42
1,2,7,21,38,41
13,21,24,37,38,42
4,11,12,13,15,41
3,5,6,12,28,34
1,3,5,6,19,38
1,5,13,14,18,28
1,11,22,28,29,33
9,10,17,20,29,39
2,18,20,27,30,31
18,22,23,26,36,40
9,14,15,21,23,40
1,12,15,22,25,42
7,8,14,24,39,40
3,13,16,23,24,27
1,2,4,21,28,29
2,9,10,13,15,31
6,10,17,22,24,36
8,9,24,25,33,34
1,6,10,12,29,34
5,20,32,35,36,39
12,21,22,24,30,40
6,8,10,16,22,37
3,11,17,24,27,39
2,23,26,36,38,40
1,2,7,25,34,38
18,23,24,26,35,36
12,22,23,27,38,42
2,3,4,24,30,37
5,9,20,25,31,33
4,14,23,24,36,38
17,19,22,26,31,35
3,6,18,32,34,40
15,16,30,32,36,41
8,9,14,19,32,42
2,26,31,35,38,42
12,33,38,39,41,42
7,12,13,19,26,38
6,13,26,35,38,39
9,15,21,22,33,40
3,7,11,14,18,24
6,14,24,25,30,40
2,3,4,21,31,37
7,13,17,21,25,35
1,5,8,10,16,42
8,9,12,17,38,39
2,16,17,32,36,39
4,5,7,14,25,38
1,6,11,22,33,41
15,20,25,26,30,36
6,10,13,32,38,41
9,19,36,38,40,42
20,21,34,35,36,42
2,8,10,17,25,42
2,6,16,27,32,36
1,18,25,27,35,38
6,9,19,23,25,31
4,5,7,18,20,22
9,16,24,25,37,38
8,13,17,26,29,36
25,26,32,34,39,42
2,3,30,35,40,42
18,19,28,37,38,39
5,6,14,25,37,41
8,26,27,28,32,37
9,14,24,35,38,40
1,2,5,28,35,36
7,12,14,18,19,26
1,4,32,36,37,38
5,27,28,33,34,35
15,19,20,24,26,27
6,10,14,21,24,29
7,14,15,17,25,40
7,12,17,33,36,40
2,11,15,24,38,39
2,4,13,19,31,42
13,19,22,30,31,40
2,4,5,15,16,40
5,7,8,22,27,30
11,12,15,16,19,30
11,17,25,27,31,32
4,16,17,20,24,25
8,12,18,25,28,38
2,10,25,27,36,37
4,9,13,25,30,33
5,8,14,27,31,39
5,9,16,24,26,36
8,14,16,31,37,38
5,7,8,11,27,34
11,14,15,35,37,40
3,6,16,17,31,37
14,20,22,24,30,34
3,5,6,31,33,41
16,17,29,30,34,35
18,22,27,32,34,38
6,21,26,30,33,42
2,8,23,24,29,33
12,20,22,30,37,42
2,3,4,19,27,40
14,19,21,36,39,40
4,5,11,13,36,40
1,19,26,28,37,41
3,5,9,14,22,36
1,7,32,37,41,42
8,11,15,20,24,39
3,7,15,17,21,34
15,19,27,28,32,37
13,23,30,36,37,38
2,8,15,23,30,38
6,8,13,17,25,34
12,13,14,22,23,37
4,6,10,13,17,29
3,7,21,23,38,39
2,11,12,25,26,31
6,21,28,37,38,40
9,17,18,19,24,32
7,10,12,34,35,38
2,7,16,17,38,40
4,9,12,15,18,36
1,4,12,24,25,28
2,15,20,23,28,41
3,7,12,17,27,39
8,9,14,18,31,41
7,21,23,24,30,34
10,17,19,21,27,30
9,13,14,16,31,36
1,11,17,22,27,32
9,13,16,27,30,34
3,23,28,33,34,38
3,16,24,26,32,37
10,12,20,28,33,37
3,10,16,18,20,33
1,14,20,25,26,40
5,15,20,30,32,33
9,13,18,19,26,42
10,20,23,27,35,39
9,14,27,31,37,42
3,22,32,35,37,40
18,22,26,34,36,40
2,9,14,17,33,40
3,5,12,14,28,39
2,3,10,35,37,42
3,4,21,32,33,37
1,6,7,26,29,32
5,14,16,17,23,34
1,9,10,13,21,41
4,5,11,17,27,34
1,18,20,22,23,40
1,10,15,21,29,36
15,19,23,25,26,37
3,5,23,35,36,37
10,12,16,19,27,41
3,14,22,29,31,32
11,14,18,24,33,37
1,7,11,31,33,36
10,15,26,31,36,37
1,12,14,23,25,35
11,16,17,22,29,42
10,26,31,33,34,40
14,17,27,29,32,40
3,5,9,13,32,38
1,12,19,26,31,41
4,13,24,28,29,39
10,14,16,30,37,40
9,11,23,35,37,39
6,12,17,28,31,32
3,16,17,22,28,38
13,31,32,36,39,40
6,20,28,30,32,36
9,10,17,32,38,39
11,14,19,35,38,40
5,7,12,18,28,33
10,11,15,16,19,26
1,8,18,24,35,37
3,8,10,15,34,42
1,8,9,26,27,29
13,15,22,23,28,36
18,21,23,32,35,40
7,20,21,25,33,38
21,26,28,31,37,41
5,17,23,25,36,39
2,7,13,17,28,42
14,16,21,22,23,25
6,7,8,16,19,32
4,6,23,31,34,41
2,6,9,10,36,38
2,3,9,25,26,41
11,16,19,35,38,41
10,21,24,28,35,38
6,11,24,33,38,40
1,9,12,20,31,36
8,26,31,32,34,42
2,3,11,18,28,38
2,10,21,23,31,41
13,19,20,28,33,34
1,15,25,36,37,41
1,21,26,35,36,42
10,19,20,24,36,41
12,13,14,26,33,42
11,20,25,39,41,42
2,18,19,22,24,39
1,4,14,36,37,40
8,18,19,24,30,41
1,2,11,24,32,40
12,20,29,37,38,39
7,11,16,21,31,33
3,4,5,9,10,19
9,18,29,31,33,41
2,3,6,10,25,31
1,10,19,20,27,32
2,27,29,31,37,39
1,9,26,27,28,31
8,15,17,21,28,39
7,8,31,33,38,41
9,20,25,32,35,37
3,4,25,27,33,39
4,5,7,14,16,35
4,21,22,33,34,42
12,14,20,21,30,32
1,6,16,25,32,38
1,7,10,19,37,42
2,5,13,33,40,42
2,4,10,25,40,41
5,7,9,13,22,25
2,4,10,17,20,29
3,11,18,19,22,38
3,13,20,31,40,42
3,4,5,28,29,31
3,5,6,19,28,32
1,7,8,17,25,37
7,23,24,32,35,40
10,21,27,34,39,42
7,22,27,30,33,37
2,4,5,12,17,32
15,21,24,34,37,40
8,9,10,27,29,38
5,25,27,29,30,37
8,25,26,29,30,34
1,12,23,24,31,33
2,7,11,14,20,39
4,9,10,12,18,41
4,10,13,34,41,42
6,12,15,16,34,36
14,17,18,19,33,40
1,17,23,28,31,35
2,11,17,28,33,38
4,11,17,24,33,35
13,20,22,24,28,31
17,20,24,25,30,36
1,13,14,15,35,38
3,9,16,22,27,29
5,11,15,24,28,38
3,11,13,23,33,35
1,9,21,29,30,32
7,9,13,18,28,31
1,18,24,28,29,31
13,26,27,29,37,41
8,10,18,25,31,38
3,9,17,20,28,35
3,12,15,20,40,42
18,19,23,25,34,42
7,20,27,28,34,36
6,12,21,29,36,41
8,20,25,29,30,38
4,9,30,31,34,40
8,16,24,31,37,38
18,22,30,36,40,42
16,24,28,31,32,39
1,20,24,29,34,39
4,18,23,39,40,42
11,14,22,23,31,34
4,7,13,18,34,40
1,13,14,26,31,40
21,22,27,31,40,42
1,29,30,35,38,40
2,10,24,26,28,31
2,27,34,36,38,42
4,9,15,30,36,39
6,18,19,25,29,40
1,12,13,18,31,39
4,9,17,18,26,38
4,12,16,25,26,38
2,7,8,18,31,35
4,12,23,24,29,35
16,17,21,29,34,39
15,21,23,24,25,30
2,16,18,31,33,36
24,27,28,33,39,41
2,20,23,27,37,38
15,22,23,27,31,36
1,6,7,16,31,34
11,15,21,24,27,29
1,8,16,27,32,34
2,5,24,27,33,42
1,12,18,29,33,38
3,5,8,15,16,32
21,24,25,27,33,37
2,6,9,19,32,42
1,5,13,25,29,38
9,11,14,20,25,27
8,12,13,17,27,38
6,12,18,22,38,41
8,11,18,23,25,38
1,4,16,33,38,40
1,3,8,12,23,30
4,14,20,21,34,35
6,8,10,24,31,39
7,10,14,15,36,39
5,10,23,37,38,40
2,12,17,29,31,34
18,20,22,24,25,33
7,13,15,24,28,30
2,4,26,36,38,42
2,3,17,23,37,39
9,18,25,26,34,35
3,9,14,27,37,38
6,8,9,15,26,41
2,9,24,26,36,40
3,6,10,17,24,31
1,3,16,22,24,31
8,11,12,14,20,37
2,7,28,37,41,42
4,5,12,25,29,36
11,17,24,29,33,36
9,14,19,23,25,30
12,24,25,31,36,42
4,9,23,24,29,40
3,7,8,14,27,42
11,15,25,27,31,33
14,18,30,37,39,40
8,23,30,34,41,42
18,20,21,23,33,37
8,15,17,27,32,36
5,6,13,22,26,35
1,2,9,16,23,25
1,6,23,29,34,39
2,6,7,11,12,34
5,9,10,30,35,38
3,8,18,19,33,37
6,13,14,32,33,34
9,25,28,38,39,42
11,20,25,26,37,42
2,13,17,18,26,36
2,6,14,19,22,35
10,18,23,31,33,34
4,11,20,23,27,29
1,5,8,14,20,39
9,13,16,18,32,36
7,17,28,29,34,36
2,3,27,33,35,38
5,21,30,32,33,35
1,3,13,16,19,40
9,16,22,37,41,42
12,18,29,31,41,42
7,9,13,15,19,21
4,12,14,23,30,37
1,2,16,21,29,36
1,3,23,25,30,38
6,8,24,33,37,38
19,22,28,34,37,42
2,5,7,11,25,37
2,12,19,25,26,29
2,4,13,15,16,18
1,6,16,17,19,24
6,16,23,25,32,36
16,19,20,25,28,30
3,16,24,25,32,41
20,25,26,38,39,41
8,9,10,20,25,37
5,20,24,33,38,40
4,7,22,29,32,40
12,33,34,35,38,40
25,26,37,39,40,42
8,11,14,21,35,39
10,17,34,39,40,41
2,7,11,25,32,36
5,14,15,19,20,24
2,4,6,13,35,36
1,8,12,18,33,38
2,14,17,18,26,34
1,2,9,14,36,38
5,7,13,21,31,37
11,16,23,25,33,37
1,10,15,17,22,37
5,6,8,23,32,38
2,5,7,14,15,22
9,13,20,24,28,36
13,15,18,20,24,32
4,7,16,26,34,40
4,13,22,28,30,38
1,7,9,17,34,41
6,22,23,37,41,42
24,25,28,31,32,33
3,5,10,29,36,37
5,13,15,30,34,41
24,25,28,30,34,39
6,10,33,36,38,40
2,4,10,17,21,26
5,10,20,26,35,36
10,11,12,13,38,41
3,4,7,21,38,41
13,14,24,34,38,42
3,5,6,8,27,40
9,15,16,17,19,23
5,19,24,29,33,34
1,8,18,24,28,30
7,12,15,19,25,42
29,30,31,34,35,36
3,14,26,29,32,42
8,10,13,17,38,42
5,20,23,24,27,35
13,16,23,27,35,36
15,25,26,31,38,41
2,12,20,23,40,41
6,15,16,30,32,33
1,3,5,27,32,42
10,15,17,22,37,40
4,13,19,25,28,33
1,3,7,28,32,35
8,9,13,24,25,34
7,9,14,23,27,40
5,7,9,15,32,42
7,8,11,20,31,38
1,4,8,17,31,41
6,12,29,32,39,42
4,5,6,18,24,42
3,8,12,24,26,37
1,4,5,16,19,34
2,11,17,29,35,41
7,13,16,17,34,42
8,11,18,30,35,42
8,17,21,22,28,31
14,18,28,29,30,32
2,3,12,30,33,36
6,8,10,12,28,37
5,6,10,24,29,37
1,4,12,14,15,18
1,17,21,28,39,42
22,27,36,37,38,40
11,14,24,30,37,42
12,13,24,31,33,42
14,26,33,34,35,39
1,4,10,20,37,40
7,17,20,21,24,33
14,18,19,24,37,39
15,21,25,30,31,33
4,7,15,19,20,42
3,6,16,17,19,21
1,6,21,26,33,38
9,16,19,21,25,36
4,11,12,13,28,33
1,9,11,13,15,31
5,11,16,23,30,40
5,8,9,13,23,42
13,16,19,32,36,41
6,11,21,23,26,31
13,14,24,29,40,42
5,11,15,18,27,40
4,7,9,13,17,38
6,9,12,16,31,35
5,8,17,32,35,37
1,5,8,28,32,36
3,8,11,25,27,37
1,3,7,16,20,23
11,19,23,29,30,35
1,4,11,14,29,35
3,9,24,32,41,42
4,6,12,24,31,40
4,14,16,21,29,31
7,9,11,12,23,33
11,16,19,22,28,31
13,16,20,24,28,35
8,12,27,30,35,37
3,4,18,25,38,40
7,10,12,16,39,41
6,29,31,32,34,35
8,13,15,22,28,32
3,8,28,29,40,42
5,10,13,18,38,39
16,18,24,29,30,32
2,4,6,13,15,29
2,3,19,23,31,41
5,20,25,30,32,42
3,18,24,27,35,36
1,4,6,11,28,34
1,12,28,33,34,38
6,13,21,31,39,40
4,7,13,18,19,33
1,14,19,25,32,37
14,16,17,18,24,40
13,23,24,32,39,41
4,5,13,19,29,34
6,16,21,24,31,36
1,9,14,26,28,33
1,11,12,26,30,35
1,18,23,25,27,42
4,11,15,21,37,38
7,11,13,14,28,37
9,13,21,35,38,42
7,13,21,24,27,33
15,18,27,30,32,38
4,9,19,35,36,42
1,5,8,28,30,39
7,25,26,37,38,39
2,4,5,13,22,24
4,9,15,17,25,28
2,26,28,29,30,31
7,8,24,33,34,39
14,16,20,27,34,37
17,20,26,33,34,40
3,9,17,27,34,38
4,8,19,20,22,41
2,8,10,14,17,40
4,9,12,39,40,42
16,17,18,21,26,27
3,4,6,18,19,36
18,21,24,25,27,42
8,10,12,19,26,36
3,4,5,10,25,30
5,19,25,26,35,41
14,18,25,26,33,35
5,15,16,21,31,33
9,19,23,24,36,38
14,17,27,29,36,39
1,23,25,31,34,37
4,8,21,29,37,40
8,13,25,30,33,40
10,12,14,24,29,34
6,10,18,37,38,42
5,10,24,27,29,32
3,8,13,15,28,30
7,8,11,21,41,42
15,24,31,32,41,42
12,13,21,34,36,37
14,16,22,31,32,42
5,14,25,31,37,40
3,13,20,24,34,41
1,2,3,7,12,20
9,19,28,30,35,38
1,9,12,13,14,19
1,7,15,27,32,33
5,12,17,18,35,38
1,19,23,36,38,39
2,18,19,20,28,35
5,8,11,31,34,41
9,10,14,16,20,29
8,10,21,26,32,35
4,7,11,22,32,39
2,4,14,21,25,41
2,11,19,22,34,36
1,2,12,13,17,32
3,18,20,29,35,39
8,28,31,35,41,42
7,12,18,31,34,42
5,9,10,24,34,35
4,5,7,14,34,40
5,22,33,36,39,40
7,12,24,31,38,40
5,7,8,10,14,25
7,14,15,22,28,33
10,14,36,37,39,40
2,4,6,15,26,35
5,8,27,37,39,40
8,13,14,25,33,36
2,4,11,18,21,34
8,14,17,24,29,40
10,13,18,25,28,36
11,14,15,25,26,35
4,8,9,13,25,35
3,14,17,20,23,25
15,22,24,25,28,30
2,4,10,14,19,37
3,8,17,19,33,39
20,29,34,36,37,40
8,15,25,26,32,42
2,3,11,31,37,40
1,14,21,38,41,42
2,4,20,26,31,40
1,6,11,19,30,42
1,4,10,30,38,42
1,3,7,8,11,26
5,19,29,36,40,42
1,7,15,27,31,42
1,5,17,22,30,36
8,11,13,19,22,30
8,11,15,19,24,40
3,10,20,29,36,39
13,19,24,25,38,42
7,12,19,29,38,40
9,12,17,19,34,38
7,9,18,35,37,40
4,15,18,25,26,40
12,19,28,30,32,33
3,7,16,26,28,38
6,7,10,28,31,37
8,12,13,31,32,35
7,23,24,31,36,38
15,16,18,22,37,38
2,12,14,20,34,36
4,5,13,26,32,34
6,9,12,19,24,38
12,13,14,20,23,38
3,4,14,21,35,38
8,19,20,24,27,39
7,12,16,22,31,41
10,15,26,28,33,37
13,17,18,19,23,39
4,11,20,23,25,35
7,11,18,20,28,30
1,16,35,36,37,39
6,11,14,32,34,39
4,5,20,28,31,39
1,20,29,38,40,41
21,26,31,34,38,41
1,3,8,11,12,41
2,28,29,30,39,41
3,4,6,12,22,42
1,11,18,20,26,37
5,12,13,24,32,42
9,12,23,28,30,39
24,28,33,37,39,40
3,5,11,15,26,27
4,12,34,35,39,42
6,17,19,27,39,42
3,10,12,16,25,35
7,9,19,22,32,33
4,19,26,30,36,37
1,2,9,13,17,35
5,17,26,28,29,41
8,10,12,22,23,27
25,27,28,31,32,39
11,15,16,19,34,42
15,25,27,31,37,41
16,18,19,27,32,33
8,12,14,16,17,26
8,11,17,26,29,39
3,5,29,33,36,42
3,5,9,21,30,33
11,16,24,32,33,40
3,19,21,25,26,42
4,12,19,23,28,40
1,17,21,26,31,42
11,16,21,27,32,34
2,16,18,25,27,29
1,4,18,22,30,40
24,25,29,33,40,41
8,14,17,18,30,36
8,25,26,35,36,42
4,7,22,31,35,36
9,11,13,22,26,33
4,18,19,25,29,30
2,15,17,18,32,36
2,22,28,31,35,42
8,12,20,23,26,42
1,5,21,23,37,38
8,13,16,23,32,38
1,10,19,23,34,42
7,10,16,34,35,40
3,16,21,22,30,39
8,9,21,25,34,42
14,21,22,30,31,33
3,5,21,27,29,38
8,15,20,25,33,38
6,18,25,27,37,41
2,12,17,18,20,24
2,3,20,21,30,37
4,10,14,21,28,29
7,12,19,29,39,40
3,4,7,8,27,29
11,13,26,27,29,30
22,25,26,39,41,42
3,7,11,14,33,41
9,12,13,25,37,39
13,22,26,27,30,39
3,17,26,33,34,38
1,12,21,22,29,37
2,4,11,29,30,41
6,14,23,24,30,38
4,5,12,25,34,42
4,7,10,19,21,41
2,3,31,34,35,41
17,18,20,25,33,36
1,4,19,26,28,37
11,12,16,17,19,38
20,28,32,34,41,42
1,8,14,22,32,35
6,7,12,19,20,31
5,7,15,22,31,39
5,11,18,21,32,42
1,11,15,31,33,39
1,6,10,28,31,40
2,9,14,29,31,42
4,16,21,22,24,29
7,8,19,23,33,36
2,20,33,40,41,42
2,10,15,27,35,39
4,6,11,26,29,40
8,14,17,29,31,41
25,31,34,36,37,40
14,15,16,23,32,40
5,11,18,24,27,30
8,12,16,23,28,33
2,6,16,22,41,42
3,27,30,34,37,39
8,15,19,22,31,37
9,20,28,35,40,42
1,3,4,16,18,26
5,27,29,34,41,42
1,5,12,22,33,35
14,18,26,27,39,42
1,2,4,19,29,30
13,14,28,37,39,40
12,21,23,34,36,38
3,23,28,29,33,40
2,17,27,33,35,42
4,6,10,15,17,19
1,9,17,19,20,29
1,3,5,6,18,39
1,5,6,20,22,23
6,24,26,29,35,40
4,7,13,15,22,29
2,5,19,21,24,26
4,22,25,29,32,41
4,8,12,16,35,41
4,9,15,16,19,42
17,21,27,30,31,37
1,5,6,25,39,40
3,6,8,14,30,41
7,12,13,16,24,31
3,6,9,17,19,24
14,18,20,31,33,42
8,13,15,17,31,39
7,13,18,28,31,33
1,22,26,27,30,38
14,23,26,33,37,41
1,7,13,29,32,35
1,10,32,40,41,42
12,16,24,26,32,36
3,11,14,15,19,41
2,7,11,28,32,38
2,3,13,27,31,37
7,13,16,19,22,34
5,13,22,35,37,42
1,8,16,18,30,39
9,10,25,29,35,42
7,12,14,18,25,39
7,10,13,15,22,28
6,7,8,19,32,33
9,11,21,28,32,34
6,18,22,26,27,34
2,10,13,18,19,23
11,12,22,25,36,40
3,7,11,22,23,30
10,16,19,21,23,27
9,19,20,32,33,38
4,6,8,12,33,35
3,5,13,20,28,32
6,11,12,18,39,41
15,16,18,32,41,42
1,12,14,20,28,39
5,12,15,17,25,33
2,14,20,22,36,38
5,18,26,27,32,42
1,2,10,28,33,41
1,11,17,18,23,25
2,3,12,19,26,28
5,11,15,17,33,36
7,8,15,19,35,37
3,8,10,11,22,28
4,17,20,21,26,40
4,5,13,16,18,27
8,10,12,15,17,22
5,6,20,21,25,32
4,10,19,24,35,39
18,21,26,36,38,39
7,8,10,16,23,25
16,23,28,31,33,34
17,19,20,23,34,35
11,15,16,25,37,38
11,16,17,31,36,37
2,3,20,29,37,40
6,16,17,25,28,36
20,22,27,31,37,42
21,22,30,32,36,38
7,11,13,21,30,37
4,18,27,33,34,40
7,20,21,24,25,33
6,9,14,19,22,33
10,12,25,30,33,40
7,9,12,14,16,20
13,17,34,38,40,41
1,5,21,29,35,37
4,6,16,19,38,41
8,14,17,30,36,40
10,16,17,20,21,41
4,10,15,19,25,38
6,8,20,22,28,30
13,18,27,28,33,35
3,5,22,27,31,39
1,7,18,21,27,40
2,3,8,12,16,21
10,11,12,16,21,29
1,4,21,24,36,42
7,15,23,25,26,33
5,18,19,20,35,36
4,16,18,27,29,36
1,6,7,18,28,31
5,11,21,29,33,42
3,4,15,18,22,37
6,14,15,17,20,34
7,10,11,27,29,40
1,12,20,23,24,36
6,7,12,24,37,41
4,9,14,19,35,42
5,6,13,24,30,40
13,25,26,27,33,39
2,8,14,16,18,39
6,17,22,23,32,39
7,16,27,28,29,40
3,4,8,16,19,35
5,16,24,30,34,35
9,14,19,27,32,34
19,21,29,31,35,42
2,6,8,10,18,38
3,15,16,19,33,36
7,14,18,22,24,30
9,13,21,39,41,42
9,11,20,28,31,36
8,20,21,23,24,33
7,21,25,31,34,39
9,15,17,24,28,38
8,11,13,23,27,39
8,9,14,16,26,31
4,13,28,35,37,39
1,3,17,28,29,38
1,3,4,17,20,22
1,2,10,18,41,42
11,14,15,26,32,41
15,18,21,28,31,40
7,8,13,15,26,42
9,10,16,22,27,39
4,8,17,28,30,42
2,4,12,35,36,39
5,10,12,15,33,37
7,19,28,31,38,40
1,6,8,10,38,42
1,2,3,18,21,41
5,14,27,31,33,34
1,7,8,38,40,41
3,22,30,32,34,40
16,29,37,38,41,42
8,11,21,29,30,32
7,23,26,29,33,38
5,7,14,26,36,37
3,7,9,17,24,35
9,15,19,28,32,40
6,10,13,19,28,42
10,16,22,23,29,33
12,13,26,28,31,41
15,18,20,24,31,37
6,21,24,35,36,42
5,7,15,20,35,38
2,6,15,32,35,41
2,14,16,19,32,38
5,11,22,24,34,42
4,9,12,17,31,40
1,12,16,18,31,40
14,17,29,30,34,41
2,3,21,28,30,35
21,28,29,30,34,42
2,6,9,27,37,42
8,10,14,22,32,42
3,5,9,19,28,32
2,11,23,30,34,36
1,15,23,24,29,42
5,14,15,22,23,34
3,5,25,28,29,32
4,10,11,18,30,33
16,18,21,31,35,42
8,11,16,18,23,34
6,9,13,15,22,23
20,25,27,28,33,42
1,12,18,21,24,39
7,10,29,30,32,42
9,18,19,32,33,35
1,9,11,17,22,33
14,22,27,39,41,42
5,9,26,29,41,42
6,30,33,36,37,39
1,7,21,31,33,40
3,4,7,19,35,38
14,22,33,37,38,40
2,4,19,20,29,33
8,12,23,25,31,36
1,5,9,25,30,37
9,10,17,29,30,40
4,14,25,32,36,40
13,14,16,19,35,41
2,23,24,29,39,41
13,19,22,24,33,34
1,3,12,27,32,35
2,9,23,27,32,39
1,20,23,30,39,41
3,17,18,21,28,29
4,15,24,25,34,41
2,8,9,21,26,29
5,9,15,24,36,40
9,10,24,29,35,41
12,19,21,22,34,36
9,15,25,34,35,36
3,6,21,33,34,35
4,7,11,14,15,22
2,4,5,12,16,23
8,25,27,29,40,41
14,22,24,26,27,31
5,10,21,23,26,31
6,7,11,14,26,38
6,9,13,15,25,34
9,13,19,20,32,41
9,16,17,24,28,39
3,14,20,21,27,42
15,22,24,26,29,35
21,28,29,32,37,42
4,7,19,22,36,37
8,15,18,19,27,35
8,11,14,15,20,40
14,24,27,28,29,33
6,8,11,16,21,40
5,7,9,25,26,29
1,10,17,27,29,38
4,5,9,20,29,30
1,21,26,29,31,32
7,17,20,28,36,42
1,9,11,15,19,37
1,7,16,17,18,40
3,10,29,33,36,39
5,12,13,18,27,40
5,11,16,29,32,34
7,17,32,39,40,41
1,7,13,17,21,38
2,18,28,34,36,40
5,17,28,33,35,42
4,8,21,33,36,41
3,14,16,27,41,42
4,8,9,11,22,41
5,10,19,20,27,35
7,9,13,14,23,40
4,14,19,25,40,42
4,12,20,22,31,35
8,17,19,22,26,27
6,12,15,19,26,32
2,21,22,30,33,34
2,6,14,21,23,28
2,4,12,18,25,27
1,3,29,33,38,40
14,23,29,33,39,40
11,15,18,25,36,38
9,11,12,18,24,42
1,7,9,30,32,39
14,18,22,31,32,41
7,8,16,20,23,28
4,8,14,21,31,32
3,9,24,25,29,31
1,5,7,10,34,40
3,11,15,18,28,29
4,5,7,18,28,42
9,10,11,14,16,22
2,17,22,27,37,41
5,6,7,10,22,33
11,25,26,29,38,41
10,18,19,29,35,41
9,14,22,23,24,31
3,5,19,22,34,37
12,14,17,24,31,37
5,7,12,22,33,40
2,5,8,10,20,36
5,8,22,25,31,33
5,23,27,31,32,42
1,6,8,23,26,33
10,11,12,17,32,37
7,12,23,30,31,42
1,17,18,19,33,41
8,16,20,22,24,41
6,16,20,21,36,37
2,8,16,24,31,42
3,10,24,25,31,42
10,15,16,21,34,39
10,12,23,26,39,41
2,4,9,17,18,39
13,17,19,20,23,34
9,12,16,23,24,37
8,9,16,35,37,38
2,24,31,32,34,35
8,14,19,25,26,34
6,8,11,12,15,38
8,9,15,26,31,34
2,17,26,31,34,40
2,3,4,6,19,40
4,6,7,11,18,24
11,16,26,27,33,39
4,6,11,26,32,39
2,3,28,32,35,42
2,5,6,22,28,41
6,7,9,10,25,33
1,5,11,19,28,30
12,13,16,17,22,35
7,15,18,32,34,40
5,6,10,11,13,17
2,9,27,35,37,38
1,21,24,25,36,40
5,12,16,24,32,42
2,9,20,33,40,41
4,9,16,19,34,37
4,13,17,31,34,39
2,8,9,13,16,27
13,14,15,21,33,38
18,20,27,34,35,42
1,7,8,20,25,29
5,18,20,22,28,40
5,23,32,36,37,40
17,18,25,28,31,38
21,26,29,30,34,39
5,16,18,26,27,37
11,12,29,33,36,42
1,9,22,27,30,41
1,2,5,19,21,34
2,3,10,30,33,39
10,14,15,16,23,40
6,21,26,30,33,40
18,24,30,31,35,36
8,10,16,26,33,41
13,14,17,33,36,41
9,19,24,25,29,32
8,32,33,38,41,42
15,28,29,35,38,40
2,6,10,19,24,35
5,16,18,19,20,39
6,19,20,22,33,35
21,24,29,38,39,40
4,8,9,17,19,32
3,12,18,22,30,42
5,13,23,24,34,41
8,15,18,20,31,36
3,9,12,32,38,41
7,9,20,22,23,33
3,10,23,38,40,41
10,11,13,17,21,34
5,7,15,23,24,34
2,4,5,19,29,32
4,5,9,13,27,33
8,15,32,35,37,39
2,11,21,29,32,38
12,13,18,23,28,36
3,24,29,32,34,41
2,9,16,30,38,41
3,4,8,22,33,36
1,4,11,14,31,36
19,23,27,29,34,38
5,9,12,18,22,24
2,11,24,26,35,37
4,12,13,17,21,38
5,8,15,17,41,42
5,8,10,13,29,32
1,8,10,17,30,34
1,3,4,16,35,38
17,18,20,34,37,41
18,25,30,34,38,41
2,12,13,32,35,41
19,23,25,28,30,35
15,21,26,29,38,41
2,7,17,23,25,38
3,7,11,13,35,38
13,16,27,29,30,42
10,13,23,27,34,42
5,6,22,24,32,36
5,13,14,16,29,31
13,21,25,29,30,32
1,11,21,22,26,32
12,22,24,28,35,39
4,11,15,30,39,42
7,8,14,16,21,34
1,3,18,26,36,40
3,6,7,12,29,41
2,5,8,20,33,34
6,11,16,26,27,32
9,12,18,21,22,30
3,8,11,12,22,23
1,14,26,29,31,36
4,5,7,21,32,40
2,3,7,16,35,39
3,9,11,16,27,35
4,7,8,21,26,29
5,16,20,21,24,32
2,18,30,31,34,39
8,20,21,24,28,29
4,9,19,32,36,42
25,28,33,35,41,42
5,8,9,12,21,32
13,14,16,31,32,38
12,16,20,21,35,41
3,7,14,25,33,34
6,11,14,15,30,34
1,4,6,18,27,41
5,6,7,9,10,15
1,5,11,28,30,37
4,11,17,19,20,31
6,11,18,33,40,41
7,9,15,22,29,40
9,18,32,33,35,36
1,11,13,20,38,40
18,19,20,27,31,38
3,4,21,25,32,42
4,15,19,30,35,38
5,18,33,35,36,38
7,18,26,33,35,40
2,3,13,31,35,39
5,10,12,15,25,35
3,14,17,22,29,40
10,17,19,20,22,35
3,22,23,35,36,37
4,7,22,24,30,37
9,12,15,16,21,26
2,3,19,22,31,42
7,11,15,25,38,39
2,10,15,16,21,25
5,10,17,19,21,41
4,14,19,21,30,33
8,11,25,26,28,40
9,14,15,17,24,38
2,6,18,21,27,39
4,13,17,22,33,35
4,6,9,13,19,21
2,9,26,31,35,36
1,13,17,25,36,40
12,14,28,32,38,40
17,24,29,30,31,37
7,27,33,36,39,42
2,13,21,23,29,32
3,7,12,13,16,32
1,2,18,19,38,40
8,9,13,25,27,39
6,13,15,16,32,39
9,13,19,25,31,34
2,9,14,22,32,34
1,4,29,30,37,41
11,12,13,28,29,32
22,25,27,28,30,37
7,19,20,25,39,42
15,17,18,29,34,41
1,3,21,28,30,34
13,19,24,33,37,42
4,13,28,33,39,42
3,9,11,22,31,41
4,5,7,15,24,42
2,4,23,26,37,40
6,12,16,18,20,40
1,11,21,25,39,41
2,4,20,24,29,41
3,6,12,30,33,39
4,18,28,37,39,40
10,18,33,34,41,42
2,6,16,28,33,38
3,7,8,26,27,31
7,15,21,22,25,30
1,9,15,25,30,39
11,16,22,27,31,41
6,8,13,15,30,37
4,6,7,10,27,36
1,14,15,16,27,37
3,21,22,31,33,38
11,18,24,27,33,41
6,10,34,39,41,42
4,5,6,10,18,22
14,15,18,21,28,40
3,9,15,19,35,42
12,19,20,24,29,34
6,14,15,18,22,32
6,10,22,25,29,39
1,14,16,34,38,41
1,7,11,18,22,36
1,11,35,36,40,42
1,10,11,29,31,32
2,11,24,30,37,39
6,14,15,16,20,36
2,15,20,27,37,38
4,7,19,24,29,37
1,2,28,33,39,41
11,26,31,38,39,40
3,10,14,21,39,42
4,20,25,27,28,40
10,14,15,26,32,37
4,5,9,15,32,40
3,9,18,22,30,40
2,18,21,25,28,39
1,18,22,24,36,37
3,7,10,17,35,42
4,6,15,20,21,23
3,5,6,25,34,40
3,8,12,13,33,38
21,24,29,34,35,39
6,8,15,19,24,28
7,10,12,21,30,41
2,16,18,23,35,40
4,15,20,28,30,40
3,16,20,26,31,37
5,23,28,34,36,41
3,5,18,26,27,32
7,22,30,34,40,42
5,11,15,37,40,41
1,9,14,25,29,41
17,20,29,33,37,42
13,20,25,29,35,41
1,16,21,26,30,41
7,25,31,33,35,41
7,8,14,21,32,37
9,14,15,16,22,23
5,8,22,24,26,39
1,7,20,22,33,35
10,14,16,22,23,38
8,12,23,30,35,36
1,3,8,12,15,34
6,9,27,28,33,35
6,11,13,19,31,34
4,25,28,30,34,42
5,11,15,18,28,30
1,2,27,29,32,42
4,16,30,33,34,41
20,22,30,33,34,35
7,15,28,31,33,38
5,21,22,24,26,37
12,17,33,35,37,39
7,19,23,26,33,36
1,2,9,17,29,41
12,17,24,27,36,37
13,17,21,25,35,37
7,9,16,19,23,28
17,21,27,30,33,39
20,22,25,27,36,37
1,7,15,37,39,40
1,2,12,17,20,34
5,6,24,26,27,31
1,3,30,32,33,35
5,17,19,22,25,30
20,24,27,30,35,38
1,4,5,13,27,28
5,23,25,27,29,33
1,5,19,30,36,40
11,18,27,36,39,40
3,4,15,22,31,35
2,5,11,14,20,33
7,10,17,18,22,23
1,2,10,21,24,29
1,2,10,33,40,42
7,10,24,25,30,38
4,9,22,25,27,34
13,17,33,38,40,42
16,18,22,32,38,39
3,4,26,29,31,36
14,18,20,38,41,42
4,11,23,29,34,40
3,4,7,31,32,40
10,18,25,27,31,37
4,11,13,27,30,32
13,19,20,23,28,36
1,7,8,16,24,31
9,12,13,14,16,20
1,6,18,24,30,41
1,9,19,21,32,38
18,23,25,35,36,38
4,6,7,9,25,38
9,10,12,21,33,42
12,15,16,27,29,40
9,12,19,29,32,33
10,24,27,34,39,42
3,6,12,16,17,22
12,14,15,29,34,39
22,25,28,34,37,39
14,17,18,20,27,31
15,16,24,25,39,42
1,7,10,22,25,33
2,10,15,30,31,33
1,4,7,14,29,33
1,6,7,31,34,35
4,5,8,19,32,35
8,9,25,30,32,35
1,3,24,26,31,32
6,14,26,29,30,40
5,12,15,17,31,37
3,16,17,18,23,26
14,22,23,27,37,39
4,6,10,33,35,39
16,19,21,25,28,35
5,16,27,33,35,39
3,7,12,29,33,35
2,20,21,27,34,35
7,14,15,27,28,35
3,9,21,24,28,33
1,10,20,26,33,42
16,19,26,29,38,42
1,5,16,18,25,38
4,12,24,27,40,42
3,15,17,19,28,37
1,5,8,24,26,39
3,4,5,14,19,39
2,11,21,25,29,40
6,10,15,16,32,33
5,6,15,32,34,41
6,19,25,32,34,42
4,13,16,28,32,34
10,14,15,22,29,34
2,4,5,10,20,21
11,19,24,32,37,39
2,10,16,22,31,39
2,6,15,18,30,42
1,4,18,24,28,38
7,12,17,36,38,40
6,9,30,36,37,41
14,26,29,31,35,39
2,7,9,28,40,41
10,17,18,26,34,37
13,16,26,27,30,41
13,21,25,27,32,36
2,13,19,24,32,33
13,26,29,31,32,40
15,19,31,32,36,38
20,22,24,28,32,41
3,6,13,27,29,39
19,22,26,29,32,35
7,13,25,27,30,33
2,9,12,21,25,28
7,11,24,26,30,34
4,14,16,28,33,37
1,5,23,30,35,38
4,5,6,18,29,30
15,16,21,27,37,41
1,5,8,10,27,29
9,21,29,31,36,41
7,25,28,30,36,42
9,17,28,29,31,39
7,17,20,37,40,42
10,13,17,35,40,42
1,3,7,24,31,37
2,12,14,25,29,35
5,8,17,21,24,34
8,16,20,22,26,36
2,12,23,24,26,37
2,18,24,25,26,39
1,11,14,21,22,30
8,12,24,34,38,41
8,10,21,29,35,36
16,18,19,33,35,38
4,32,35,38,39,41
5,9,15,17,21,36
12,20,27,31,38,39
5,11,22,32,34,42
8,10,27,28,32,38
5,14,24,32,36,37
8,10,20,23,26,41
8,16,22,23,26,41
6,20,21,32,38,41
1,12,15,26,33,36
1,17,21,26,33,42
12,15,21,25,32,34
4,19,25,26,27,34
14,15,16,19,26,29
1,10,16,19,20,25
14,18,19,24,37,39
2,16,23,24,33,42
5,10,25,26,30,41
1,8,15,20,21,32
2,4,7,24,27,40
15,17,20,22,29,35
2,5,9,15,35,36
1,4,11,31,39,40
3,16,21,34,38,40
1,7,23,26,28,32
4,6,14,15,35,39
12,18,19,31,36,37
11,12,23,27,36,40
2,10,20,25,36,39
7,12,19,26,32,33
12,23,24,31,32,35
11,27,36,38,39,41
13,19,20,22,31,41
3,11,24,26,31,41
4,6,9,20,30,37
5,11,14,24,26,30
14,15,20,38,40,41
1,6,9,12,16,20
2,4,9,10,28,34
9,12,17,33,38,41
1,18,24,34,36,42
5,8,29,31,36,37
7,8,16,26,31,41
2,7,10,22,33,39
3,5,22,30,36,39
3,14,15,19,29,33
12,22,25,34,37,41
6,8,9,23,37,40
12,17,27,28,33,36
3,17,21,27,39,41
9,10,13,16,17,21
1,3,11,15,16,29
10,20,21,22,26,28
7,11,16,18,37,41
6,10,16,23,39,42
20,23,26,33,35,37
2,9,15,17,26,30
2,4,10,15,22,37
11,12,20,26,32,35
1,14,15,23,35,40
17,21,24,37,39,40
2,4,10,15,35,42
1,19,24,25,40,42
5,9,15,25,32,37
7,10,17,18,24,31
13,15,24,27,33,40
6,10,25,26,29,30
2,5,17,33,36,37
6,9,19,28,33,35
3,10,17,27,38,42
13,21,23,29,34,36
3,8,10,19,32,41
6,12,15,30,36,41
2,3,4,6,24,33
9,14,19,25,33,36
13,23,27,28,30,39
7,11,20,27,36,40
9,24,26,29,39,41
3,13,16,28,36,39
5,22,27,28,30,34
1,19,22,31,36,42
1,8,29,33,34,36
4,10,14,27,37,42
4,9,24,33,34,40
7,8,12,14,26,39
4,8,23,31,38,41
7,8,11,25,27,37
1,2,16,17,22,26
2,14,17,27,28,32
3,8,13,21,23,40
6,15,20,27,28,41
13,15,35,36,38,40
1,2,16,24,31,39
2,15,25,27,33,37
2,3,4,5,25,35
15,16,17,24,28,42
3,14,27,32,38,41
5,14,19,25,29,38
14,17,19,22,29,37
10,19,21,23,36,41
1,2,15,26,29,42
3,23,34,37,39,40
9,12,15,21,28,41
4,10,29,31,40,41
1,19,21,25,27,42
7,19,22,24,25,32
10,12,13,14,23,28
26,30,34,36,37,41
7,22,26,29,33,37
2,15,18,22,27,40
4,16,20,27,35,40
3,5,7,15,27,31
7,9,12,37,41,42
3,15,21,22,25,29
3,10,12,13,19,27
2,7,9,17,24,25
18,27,28,29,36,40
2,13,16,20,31,37
1,8,15,26,32,37
3,12,16,17,31,36
7,12,16,28,29,42
3,5,7,8,12,30
4,15,23,27,34,35
7,10,14,18,26,34
1,7,8,20,29,31
12,24,31,33,34,42
2,6,8,9,15,23
11,12,17,18,23,37
3,6,11,20,25,34
7,11,15,25,35,36
9,10,11,33,38,40
3,10,12,23,29,31
2,15,21,39,40,41
2,6,10,25,36,40
5,21,34,38,39,42
5,25,27,28,30,40
1,8,17,25,41,42
2,6,10,32,37,38
2,14,19,22,34,42
17,20,21,28,32,34
2,16,17,26,37,40
3,15,17,27,31,38
11,17,21,28,38,39
5,16,19,32,34,40
23,24,28,30,34,35
2,11,12,15,38,39
2,13,15,25,35,38
8,10,13,18,31,39
16,22,26,27,30,40
17,19,21,32,33,39
3,9,27,30,32,36
3,17,18,25,26,40
1,4,11,19,26,31
13,14,16,19,32,39
2,24,30,31,39,40
16,17,30,32,34,37
13,18,20,21,27,31
12,14,18,31,38,40
10,12,20,23,36,38
1,3,9,14,23,32
5,14,24,26,37,42
1,5,10,19,31,39
3,10,19,33,35,37
6,12,20,21,28,37
5,6,17,21,24,26
4,6,9,13,15,42
8,10,11,18,20,38
2,4,26,30,33,37
3,7,15,28,31,41
1,7,12,18,21,33
13,22,29,32,35,40
8,13,25,27,33,37
3,11,15,16,24,41
13,15,20,29,33,38
4,7,13,16,30,33
1,10,12,21,29,41
1,14,19,20,27,28
3,13,16,17,24,37
4,7,14,19,31,41
10,11,13,24,30,37
5,6,12,18,31,39
19,21,24,29,30,41
6,7,13,15,36,41
6,7,10,30,31,35
7,8,12,33,41,42
8,9,15,18,27,39
1,16,21,32,36,39
1,6,9,11,29,41
5,13,19,27,30,31
9,13,20,23,26,28
7,17,22,25,31,34
8,9,10,11,22,34
5,6,7,13,22,32
2,15,38,39,40,42
4,9,23,26,31,39
2,4,19,30,31,36
26,29,35,36,37,40
7,8,12,19,34,35
1,4,8,17,18,36
10,16,17,18,24,27
8,9,27,33,37,38
6,8,23,29,32,42
5,6,9,10,36,42
4,7,10,12,38,39
1,11,30,32,34,41
2,4,8,22,26,36
12,17,26,31,35,41
1,4,11,22,25,40
3,10,15,25,33,38
1,20,25,27,35,41
3,10,33,35,37,39
8,13,20,32,37,40
15,16,17,25,35,40
1,17,21,38,39,41
3,12,15,16,23,36
6,8,10,15,41,42
4,17,19,20,33,42
3,4,12,20,22,34
5,8,11,34,38,42
11,21,22,33,34,37
8,9,14,20,25,30
9,11,17,24,31,33
2,5,6,36,37,40
6,11,21,25,31,41
5,6,10,24,34,41
3,6,11,15,17,34
16,24,29,30,33,40
6,9,11,22,24,40
1,9,17,27,38,41
1,5,22,29,33,40
4,13,16,19,25,32
4,6,16,34,38,40
1,14,21,23,32,36
17,23,28,33,36,42
8,10,11,13,35,36
2,4,15,18,31,42
6,9,18,25,29,37
15,19,20,29,34,40
7,10,28,30,32,35
7,18,19,25,30,38
8,9,17,23,27,35
2,7,19,27,29,37
2,5,6,28,32,42
4,12,27,33,36,38
5,6,9,29,37,42
7,20,25,26,36,42
13,23,26,35,39,40
3,16,19,28,36,41
2,18,19,21,25,35
7,8,10,24,29,36
3,18,20,21,30,39
3,10,16,24,29,35
4,6,9,12,26,38
8,15,18,28,33,40
16,31,34,35,37,42
10,14,15,22,30,32
9,12,19,27,28,31
7,17,19,21,22,28
3,15,17,28,37,41
7,10,11,21,28,40
4,8,12,16,34,39
3,9,24,32,35,36
3,8,10,12,18,32
6,12,13,26,29,42
3,4,20,23,30,35
2,10,18,33,38,40
2,3,11,17,30,36
1,3,6,8,13,15
5,8,14,17,22,23
6,13,15,17,32,38
4,7,27,28,29,37
2,18,19,20,21,25
8,12,26,29,38,40
2,10,15,18,28,41
6,12,16,17,26,30
8,10,23,36,37,42
2,4,11,13,17,24
13,15,27,28,32,36
11,19,20,29,33,39
19,27,31,33,35,39
2,3,20,26,39,40
5,14,19,31,34,42
7,16,29,32,39,41
4,14,16,26,34,35
2,6,7,31,40,42
7,12,17,35,36,40
9,17,27,31,39,42
8,23,30,37,39,42
3,9,16,17,18,32
2,3,6,31,37,42
4,5,14,22,37,38
7,13,18,29,35,37
8,15,16,23,36,40
2,8,17,19,26,34
2,13,24,31,34,38
3,4,20,34,35,40
5,6,8,11,20,21
1,3,12,21,23,25
6,15,18,25,35,41
13,25,28,30,35,37
7,8,11,14,34,38
5,19,20,24,27,28
7,11,24,27,39,40
14,23,24,30,36,38
2,8,15,27,31,35
8,15,21,23,29,42
2,3,4,19,34,42
1,5,10,18,34,38
13,33,34,38,40,42
8,16,18,25,31,41
19,23,24,25,40,42
12,13,16,20,22,27
2,3,4,14,17,32
10,12,15,19,36,37
5,25,26,27,30,42
25,30,32,35,39,41
8,11,19,25,34,38
3,12,20,22,24,25
6,10,15,26,28,34
12,16,28,31,33,35
2,14,15,20,23,32
2,3,19,21,27,37
1,7,19,25,28,32
4,7,8,29,31,41
7,13,14,22,25,27
1,9,12,19,23,25
2,10,13,19,26,31
2,16,24,31,36,38
2,3,5,8,14,17
3,5,30,32,40,41
19,23,25,31,34,42
10,18,24,30,35,36
2,5,14,17,38,41
7,11,20,23,32,37
18,27,30,34,36,39
8,15,24,27,29,41
13,14,15,17,23,28
5,7,16,29,36,38
4,22,26,30,34,37
4,5,8,28,39,40
13,27,29,32,35,42
6,13,16,19,23,32
3,8,14,38,39,41
13,20,26,39,40,41
12,18,20,21,26,30
4,8,13,16,29,36
10,16,28,30,31,35
6,10,11,28,34,42
9,17,18,26,35,38
11,28,29,32,37,40
6,10,14,31,40,41
3,4,21,27,29,35
1,24,25,26,28,37
1,23,31,32,38,40
1,4,5,16,27,31
4,8,14,16,26,33
6,19,35,36,40,42
2,3,5,17,24,38
9,12,13,20,31,40
1,5,6,7,8,23
2,3,11,28,36,41
16,17,19,31,32,41
17,22,25,26,33,35
5,8,13,15,32,36
13,16,19,20,30,36
2,8,15,26,28,41
4,7,17,18,20,23
2,12,20,21,23,34
16,17,28,37,40,41
3,11,17,28,33,42
8,10,11,19,23,40
8,16,19,22,28,40
10,16,31,33,35,39
12,16,26,34,36,42
1,13,15,16,17,20
8,18,22,27,31,41
5,10,20,24,40,41
3,17,21,22,24,31
1,15,21,25,28,29
5,8,15,21,23,39
3,5,6,22,31,38
5,6,10,13,26,31
7,10,22,25,26,28
1,2,32,36,40,42
5,7,8,9,35,41
5,12,15,18,30,33
12,27,30,31,33,38
8,10,19,21,33,36
3,11,12,13,33,34
10,23,25,29,30,42
2,10,11,12,25,37
4,6,7,20,34,36
7,10,18,24,25,33
6,10,14,17,20,32
1,4,11,13,16,41
14,28,34,35,36,37
1,8,20,27,29,32
2,4,14,25,30,38
3,7,10,11,28,41
14,15,19,21,24,34
18,20,25,26,32,38
1,5,13,14,23,37
1,5,13,18,28,39
5,9,15,24,26,30
4,11,12,19,30,39
18,19,23,27,36,37
21,22,26,27,28,42
9,12,17,18,39,42
8,10,14,15,30,40
7,8,16,19,37,41
18,23,27,30,32,34
5,20,29,33,39,40
8,9,15,16,17,40
2,15,28,31,32,33
7,16,22,23,29,38
5,14,19,26,39,40
5,8,9,10,11,30
8,9,28,30,38,40
16,20,21,24,36,40
4,6,15,22,24,27
1,8,12,21,23,27
3,7,8,18,26,30
1,22,27,33,39,40
1,4,8,13,17,21
17,21,29,33,34,37
7,10,15,19,23,25
1,9,23,37,39,42
2,3,29,30,33,38
1,14,20,27,30,31
2,4,7,9,10,23
2,10,21,30,36,38
2,8,10,16,20,32
5,11,20,21,26,42
1,4,21,24,28,34
1,3,13,14,16,29
2,12,14,30,36,42
3,16,29,31,38,40
14,20,24,30,32,35
8,13,21,29,34,35
8,10,17,27,36,38
2,4,16,17,23,37
20,22,25,30,33,39
4,11,13,15,17,23
1,5,14,19,21,25
3,7,8,9,14,37
4,8,21,25,26,33
1,8,20,24,27,34
14,15,17,29,38,41
1,10,13,19,24,41
4,11,23,29,37,42
9,10,20,22,24,40
2,8,9,18,28,41
10,27,30,35,37,42
6,8,14,28,35,41
11,12,17,20,21,39
12,14,15,18,22,30
4,7,12,15,25,42
11,17,18,30,31,33
10,12,13,15,34,37
5,6,11,21,39,42
